,COMPANY,SHARE_CAPITAL,SHARE_PREMIUM,REVALUATION_RESERVES,STATUTORY_RESERVES,RETAINED_EARNINGS,OTHER_RESERVES,TOTAL_EQUITY,UNDERWRITING_PROVISIONS,ACTUARIAL_CONTRACT_LIABILITIES,LONGTERM_LIABILITIES,CURRENT_LIABILITIES,TOTAL_EQUITY_AND_LIABILITIES,LAND_AND_BUILDINGS,INVESTMENT_PROPERTY,OTHER_FIXED_ASSETS,GOVERNMENT_SECURITIES,OTHER_SECURITIES,INVESTMENT_IN_RELATED_COMPANIES,CORPORATE_BONDS,COMMERCIAL_PAPERS,DEBENTURES,ORDINARY_SHARES_QUOTED,ORDINARY_SHARES_UNQUOTED,PREFERENCE_SHARES_QUOTED,PREFERENCE_SHARES_UNQUOTED,LOANS_SECURED_&_UNSECURED,MORTGAGES,TERM_DEPOSITS,CASH_AND_CASH_BALANCES,OUTSTANDING_PREMIUMS,OTHER_RECEIVABLES,OTHER_ASSETS,INTANGIBLE_ASSETS,TOTAL_ASSETS,YEARS,LIFE_FUND_BF,GROSS_PREMIUM,NET_PREMIUM,OTHER_(FEE)_INCOME,TOTAL_BENEFITS,CLAIMS,SURRENDERS,BONUSES_PAID,ANNUITIES_PAID,NET_COMMISIONS,EXPENSE_OF_MANAGEMENT,INVESTMENT_INCOME,INVESTMENT_EXPENSES,TRANSFER_TO_(FROM)_P_&_L,LIFE_FUND_CF,BUSINESS_IN_FORCE_NEW_NUMBER_OF_POLICIES,BUSINESS_IN_FORCE_NEW_NUMBER_OF_LIVES,BUSINESS_IN_FORCE_NEW_SUMS_ASSURED_AND_ANNUITIES,BUSINESS_IN_FORCE_TOTAL_NUMBER_OF_POLICIES,BUSINESS_IN_FORCE_TOTAL_NUMBER_OF_LIVES,BUSINESS_IN_FORCE_TOTAL_SUMS_ASSURED_AND_ANNUITIES,GROSS_DIRECT_PREMIUMS_LIFE_ASSURANCES,GROSS_DIRECT_PREMIUMS_ANNUITIES,GROSS_DIRECT_PREMIUMS_PENSIONS,GROSS_DIRECT_PREMIUMS_GROUP_LIFE,GROSS_DIRECT_PREMIUMS_GROUP_CREDIT,GROSS_DIRECT_PREMIUMS_PERMANENT_HEALTH,GROSS_DIRECT_PREMIUMS_INVESTMENTS,GROSS_DIRECT_PREMIUMS_TOTAL,GROSS_DIRECT_PREMIUMS_MARKET_SHARE_(%),INWARD_REINSURANCE_PREMIUM_LIFE_ASSURANCES,INWARD_REINSURANCE_PREMIUM_ANNUITIES,INWARD_REINSURANCE_PREMIUM_PENSIONS,INWARD_REINSURANCE_PREMIUM_GROUP_LIFE,INWARD_REINSURANCE_PREMIUM_GROUP_CREDIT,INWARD_REINSURANCE_PREMIUM_PERMANENT_HEALTH,INWARD_REINSURANCE_PREMIUM_INVESTMENTS,INWARD_REINSURANCE_PREMIUM_TOTAL,INWARD_REINSURANCE_PREMIUM_MARKET_SHARE_(%),OUTWARD_REINSURANCE_PREMIUM_LIFE_ASSURANCES,OUTWARD_REINSURANCE_PREMIUM_ANNUITIES,OUTWARD_REINSURANCE_PREMIUM_PENSIONS,OUTWARD_REINSURANCE_PREMIUM_GROUP_LIFE,OUTWARD_REINSURANCE_PREMIUM_GROUP_CREDIT,OUTWARD_REINSURANCE_PREMIUM_PERMANENT_HEALTH,OUTWARD_REINSURANCE_PREMIUM_INVESTMENTS,OUTWARD_REINSURANCE_PREMIUM_TOTAL,ACTURIAL_VALUATIONS_LIFE_FUND_(BEFORE_DISTRIBUTION),ACTURIAL_VALUATIONS_ACTUARIAL_LIABILITIES,ACTURIAL_VALUATIONS_SURPLUS_TO_POLICYHOLDERS,ACTURIAL_VALUATIONS_SURPLUS_TO_SHAREHOLDERS,ACTURIAL_VALUATIONS_SURPLUS_TO_TRANSFERRED_RESERVES,ACTURIAL_VALUATIONS_SURPLUS_CARRIED_FORWARD,ACTURIAL_VALUATIONS_TOTAL_SURPLUS,GROSS_DIRECT_PREMIUMS_DEPOSIT_ADMINISTRATION,GROSS_DIRECT_PREMIUMS_PERSONAL_PENSIONS,INWARD_REINSURANCE_PREMIUM_DEPOSIT_ADMINISTRATION,INWARD_REINSURANCE_PREMIUM_PERSONAL_PENSIONS,OUTWARD_REINSURANCE_PREMIUM_DEPOSIT_ADMINISTRATION,OUTWARD_REINSURANCE_PREMIUM_PERSONAL_PENSIONS,GROSS_DIRECT_PREMIUMS_UNIT_LINKED_&_LINKED_INVESTMENTS,GROSS_DIRECT_PREMIUMS_NON_LINKED_INVESTMENTS,INWARD_REINSURANCE_PREMIUM_UNIT_LINKED_&_LINKED_INVESTMENTS,INWARD_REINSURANCE_PREMIUM_NON_LINKED_INVESTMENTS,OUTWARD_REINSURANCE_PREMIUM_UNIT_LINKED_&_LINKED_INVESTMENTS,OUTWARD_REINSURANCE_PREMIUM_NON_LINKED_INVESTMENTS,BIF_NEW_NUMBER_OF_LIVES,BIF_NEW_SUMS_ASSURED_AND_ANNUITIES,BIF_NEW_NUMBER_OF_POLICIES,BIF_TOTAL_NUMBER_OF_POLICIES,BIF_TOTAL_NUMBER_OF_LIVES,BIF_TOTAL_SUMS_ASSURED_AND_ANNUITIES
0,APA LIFE ASSURANCE COMPANY,250000,-,29623,157179,71345,-30000,478148,63003,2093737,-,127472,2762359,-,327500,5842,957846,39021,-,55454,26799,-,736810,59097,-,-,9118,-,369364,31905,55440,66955,8614,12594,2762359,2013,1731684,733320,532892,-,70426,-104000,139277,-,35149,-7295,101506,373254,16036,28949,2253782,,,,,,,20338,62477,,241181,90924,-,,733320,1.65,,,,,,,,,,-,-,,200428,-,-,,200428,2279866,1913982,179713,28962,-,157209,365884,318400,-,,,-,-,-,-,,,-,-,,,,,,
1,BRITISH AMERICAN INVESTMENTS COMPANY,180000,-,180802,-,-,6407034,6767836,374535,23504174,-,1221352,31867897,420121,3394771,250621,6876318,-,1395238,455846,-,-,7134452,252166,-,-,376778,793815,726147,324465,366400,1161095,7846387,93277,31867897,2013,22707728,8027269,7668577,22825,2699857,1242129,582042,849304,26382,1102028,1330468,5982695,157461,1000000,28634283,,,,,,,3642723,172908,,455038,781999,-,,8027269,18.07,,,,,,,,,,49295,-,,247644,61753,-,,358692,30092008,23504172,-,1000000,,5587836,6587836,1850173,-,,,-,-,1124428,-,,,-,-,,,,,,
2,CANNON ASSURANCE COMPANY,150000,-,-,420201,-,480281,1050482,43798,407888,-,68929,1571097,80000,731720,5795,323780,-,-,23469,-,-,203764,-,-,-,16483,106001,42488,7826,2217,-,21680,5873,1571097,2013,742657,104398,97427,1180,67285,-16030,83315,-,-,10031,55390,299530,-,180000,744773,,,,,,,95802,-,,2056,6540,-,,104398,0.24,,,,,,,,,,1167,-,,1388,4416,-,,6971,1008089,407888,-,180000,-,420201,600201,-,-,,,-,-,-,-,,,-,-,,,,,,
3,CAPEX LIFE ASSURANCE COMPANY,150000,-,744,41794,-,48793,241331,36910,35554,55481,16009,385285,-,338000,8126,21512,-,-,2009,-,-,7029,-,-,-,-,-,-,2195,1760,-,4619,35,385285,2013,78693,14778,14679,-,15181,15181,-,-,-,580,33511,33247,-,-,77347,,,,,,,11559,-,,3219,-,-,,14778,0.03,,,,,,,,,,98,-,,-,-,-,,98,77269,35554,-,-,-,41714,41714,-,-,,,-,-,-,-,,,-,-,,,,,,
4,CIC LIFE ASSURANCE COMPANY,800000,-,74623,1186930,125555,-,2187108,347097,2059131,-,733554,5326889,300000,1182000,120759,1129081,411658,-,42480,-,-,59567,-,-,-,159617,164184,1161677,131187,213711,160074,35321,55576,5326889,2013,-,3003131,2834661,-,1907000,1907000,-,-,-,176661,899253,586069,-,100000,337816,,,,,,,437912,24669,,800843,1739707,-,,3003131,6.76,,,,,,,,,,25573,-,,94092,48806,-,,168471,3621856,2300446,34480,-,100000,1186929,83163,-,-,,,-,-,-,-,,,-,-,,,,,,
5,CORPORATE INSURANCE COMPANY,150000,-,-,77623,-,-,227623,14142,394107,-,12871,648743,-,275000,544,139500,-,-,-,-,-,1656,736,-,-,35691,-,177038,14328,-,-,4250,-,648743,2013,-,204805,202615,-,76383,76282,101,-,-,64334,34276,71879,-,-,99400,,,,,,,201630,-,,3175,-,-,,204805,0.46,,,,,,,,,,2190,-,,-,-,-,,2190,472604,389441,4666,-,-,78497,83163,-,-,,,-,-,-,-,,,-,-,,,,,,
6,FIRST ASSURANCE COMPANY,150000,-,-,105949,-,-,255949,3536,3603,-,22940,286028,-,74000,34,77978,-,-,-,-,-,6991,-,-,-,-,-,98154,17952,10836,-,83,-,286028,2013,220748,69624,6369,-,4396,4396,-,-,-,-5004,5695,32900,-,-,254930,,,,,,,-,-,,52899,16725,-,,69624,0.16,,,,,,,,,,-,-,,47966,15288,-,,63254,259552,3603,-,-,-,255949,255949,-,-,,,-,-,-,-,,,-,-,,,,,,
7,GA LIFE ASSURANCE COMPANY,200000,-,-,1339,6392,-,207731,-,732959,-,4120,944810,-,-,2122,401003,-,-,50281,-,-,-,-,-,-,-,-,480643,10461,-,-,300,-,944810,2013,-,727745,717857,-,1155,1155,-,-,-,-2290,4459,19403,-,-,733936,,,,,,,-,-,,8815,2650,-,,727745,1.64,,,,,,,,,,-,-,,8169,1719,-,,9889,734298,715850,17108,-,,1339,18448,716280,-,,,-,-,-,-,,,-,-,,,,,,
8,GEMINIA INSURANCE COMPANY,150000,-,-,-,-,-,150000,10047,187176,-,140795,488019,-,-,-,166400,25000,-,4500,-,-,-,-,-,-,1104,-,248343,17350,-,-,25321,-,488019,2013,228505,55594,31457,-,9684,9547,137,-,-,1183,7038,43292,-,-,285212,,,,,,,24466,-,,11289,19839,-,,55594,0.13,,,,,,,,,,1369,-,,22768,-,-,,24137,285349,187176,7907,-,-,90265,98172,-,-,,,-,-,-,-,,,-,-,,,,,,
9,ICEA LIFE ASSURANCE COMPANY,450000,-,-,4864886,1651541,-,6966428,117320,31703717,134405,375232,39297102,-,9087000,222177,20726401,-,538471,1206683,-,-,4631693,-,1877,-,227804,301779,1897247,205327,7408,138782,104423,29,39297102,2013,28744841,6455820,6221064,-,3058243,360549,2225509,-,472185,264059,539051,5651223,-,299999,33758082,,,,,,,1376613,144147,,399761,176876,-,,6455820,14.53,,,,,,,,,,16593,-,,137002,81160,-,,234755,36935,29155,2822,300,-,4658,7780,2779267,1495834,,,-,-,83322,-,,,-,-,,,,,,
10,JUBILEE INSURANCE COMPANY,300000,-,-,1741173,-,-,2041173,484036,27435367,-,912722,30873299,-,3140720,37352,15129587,-,1233097,566811,-,-,5167703,1478774,-,-,516601,22883,2472811,371689,533189,202081,-,-,30873299,2013,-,6816022,6461531,-,2700424,727557,1683077,-,289790,522792,609863,2534838,29359,-,3161064,,,,,,,1373461,415879,,761493,-,-,,6816023,15.34,,,,,,,,,,5057,-,,349434,-,-,,354491,29486633,24790523,2954935,,1371768,588476,4696110,3216524,1048665,,,-,-,-,-,,,-,-,,,,,,
11,KENINDIA ASSURANCE COMPANY,161388,-,-,318516,29728,-,509632,33543,15721336,-,156971,16421482,-,967980,12710,13928539,-,-,-,100493,-,84635,675,-,-,72939,4813,1132297,30086,-,37348,44632,4333,16421482,2013,13570084,2118190,2073018,-,1706343,318565,1387778,-,-,91386,152205,2058169,-,30000,14333559,,,,,,,434580,-,,66225,-,-,,2118190,4.77,,,,,,,,,,2698,-,,42474,-,-,,45172,15751337,13041991,1526660,30000,90000,1062686,2709346,1617385,-,,,-,-,-,-,,,-,-,,,,,,
12,MADISON INSURANCE COMPANY,150000,-,-,1009036,62000,-,1221036,78627,3817258,-,78976,5195897,-,2435000,26287,726755,29035,-,73671,48891,-,68692,1124874,-,-,204598,36373,291821,26092,39971,52148,11689,-,5195897,2013,3948660,1236073,1202488,-,808857,64289,704545,-,40023,138922,393566,963368,-,-,4028603,,,,,,,671413,138439,,71485,38177,-,,1236072,2.78,,,,,,,,,,-,-,,33584,-,-,,33584,3625177,3625177,,,,,-,131208,85404,,,-,-,99947,-,,,-,-,,,,,,
13,PIONEER ASSURANCE COMPANY,150000,-,-,96532,129936,-,376469,165152,526205,26710,75533,1170069,-,436703,14022,154161,-,-,5000,-,-,12165,-,-,-,116430,-,87919,12269,210854,109784,488,10274,1170069,2013,491970,1018812,933179,12934,555296,255410,174849,99757,25280,125408,180923,67745,1074,35000,308241,,,,,,,505241,-,,460328,-,2529,,1018812,2.29,,,,,,,,,,795,-,,84838,-,-,,85633,582209,433702,51974,-,-,96532,148506,6683,-,,,-,-,44031,-,,,-,-,,,,,,
14,THE KENYAN ALLIANCE INSURANCE,150000,-,-,45335,6000,-,201335,29279,611686,-,6199,848498,-,-,-,88100,-,-,-,-,-,-,-,-,-,-,-,681951,7006,40326,31037,-,79,848498,2013,492427,305443,152967,-,64011,64011,-,-,-,-21363,34015,71381,-,-,640112,,,,,,,3393,-,,193483,427,-,,305442,0.69,,,,,,,,,,-,-,,152475,-,-,,152475,675171,555035,74800,-,-,45335,120135,92483,13714,,,-,-,-,1943,,,-,-,,,,,,
15,THE MONARCH INSURANCE,154976,-,-,60215,-,120114,335305,57981,79862,-,55284,528432,-,235125,1804,118086,-,-,-,-,-,-,-,-,-,-,-,1066,324,88919,-,75000,8109,528432,2013,58211,41874,8057,-,7457,7457,-,-,-,-3442,17692,42641,-,26987,60215,,,,,,,2458,-,,39416,-,-,,41875,0.09,,,,,,,,,,37,-,,33781,-,-,,33818,167375,77416,2757,26987,-,60215,89959,-,-,,,-,-,-,-,,,-,-,,,,,,
16,UAP LIFE ASSURANCE COMPANY,635456,8637,27534,126686,-,-,798313,315731,4961778,-,382353,6458175,-,761000,36012,2970429,-,-,311861,-,-,1351978,13128,386,-,6619,10023,437541,130329,353259,62355,13254,-,6458175,2013,4214477,1856167,1568244,-,547140,516294,-,-,30846,-11713,347931,937083,-,-,5805600,,,,,,,228577,370526,,571572,-,-,,1856167,4.18,,,,,,,,,,1439,-,,286484,-,-,,287923,5836444,5038132,-,-,-,798313,798313,571507,-,,,-,-,113985,-,,,-,-,,,,,,
17,PAN AFRICA LIFE ASSURANCE COMPANY,200000,30260,-,1274248,-402795,-,1101713,-,16294057,382274,845141,18623185,7282,915000,105928,8621721,758583,-,1233915,132003,-,2827517,-,-,-,167752,347939,2885026,166223,261100,-,70135,123062,18623185,2013,1923788,5570361,5348090,-,2076895,1894505,182390,-,-,668142,775404,2198881,6083,-,5761845,,,,,,,2581238,-,,1394189,1348672,-,,5570362,12.54,,,,,,,,,,19735,-,,197653,4884,-,,222272,17466437,16041548,150697,-,-,1274191,1424888,246262,-,,,-,-,-,-,,,-,-,,,,,,
18,CFC INSURANCE HOLDINGS,612340,-,295015,955817,-341363,-,1521809,310765,17470222,352213,626910,20281920,466092,898000,192837,10478179,452959,-,1433962,-,-,1904990,31458,-,-,822532,233389,2375478,544056,227093,29615,138493,52786,20281920,2013,16473053,4140711,3932071,-,2661572,2661572,-,-,-,129173,952666,2044036,-,-15305,18721054,,,,,,,1188827,2168,,492141,-,-,,4140712,9.32,,,,,,,,,,150,-,,189892,-,-,,208640,17369252,17369252,-,-15305,-,-,-15305,1722239,-,,,-,-,735336,-,,,18598,-,,,,,,
19,MERCANTILE INSURANCE COMPANY LTD,150000,-,8276,-,-,7500,165776,1634,586924,-,175329,929662,-,72000,4240,205824,-,-,104180,-,-,12712,-,-,-,6414,-,497754,8016,3123,2098,13301,-,929662,2013,659752,153524,147537,-,82200,82200,-,-,-,10613,37087,89289,-,12393,754285,,,,,,,38139,-,,4392,246,-,,153524,0.35,,,,,,,,,,2212,-,,3603,172,-,,5987,765774,662229,57313,-,-,46233,103546,110747,-,,,-,-,-,-,,,-,-,,,,,,
20,METROPOLITAN,416726,491068,-,-,-658178,-,249616,907,380601,-,43769,674893,-,-,7947,305570,-,-,44263,-,-,65280,-,-,-,1413,-,104339,12531,42027,-,40954,50568,674893,2013,335619,204328,160629,-8197,79209,57017,22192,-,-,13724,138641,37046,4266,-91341,358406,,,,,,,10493,-,,155064,1153,-,,204327,0.46,,,,,,,,,,107,-,,43591,-,-,,43698,380601,380601,-,-,-,-,-,-,-,,,-,-,37618,-,,,-,-,,,,,,
21,SHIELD ASSURANCE COMPANY,150000,-,-,-,-57785,30000,122215,166397,371135,-,56017,715764,186328,415000,5386,11000,-,-,-,-,-,-,-,-,-,14553,-,-,5904,1139,65092,11362,-,715764,2013,357356,124529,124074,-,118792,118792,-,-,-,17845,89341,25234,-,-,280686,,,,,,,123357,-,,1172,-,-,,124529,0.28,,,,,,,,,,-,-,,455,-,-,,455,313350,371135,39,-,-,-57824,-57785,-,-,,,-,-,-,-,,,-,-,,,,,,
22,APA LIFE ASSURANCE COMPANY,250000,-,25096,90517,30541,30000,426155,161086,2638058,38793,224185,3488277,-,360000,16688,991009,33846,-,92030,52089,-,902255,36147,-,-,19394,-,714276,74275,119407,47243,3699,25918,3488277,2014,2250917,1024460,743907,-,,,76481,-,41793,5952,136764,325598,-,27081,2767368,,,,,,,25506,124326,,402723,76231,-,,1024460,1.81,,,,,,,,,,-,-,,251965,28588,-,,280553,2761360,2410216,199177,27081,-,124886,351144,219452,176222,,,-,-,-,-,,,-,-,1458,12623,81476908498,3948,113176,1.75E+11
23,BRITISH AMERICAN INVESTMENTS COMPANY,180000,-,-,5364887,-,700000,6244887,361469,30114874,2288186,654737,39664154,460861,4842314,253389,8918792,-,4563724,876121,-,-,7045117,542285,-,-,488084,864753,707892,158474,567201,1259105,7216822,899221,39664154,2014,28888535,10113275,9843313,-,,,58062,1043613,-,1393991,1727157,6291672,105338,1411254,36179762,,,,,,,5608990,397139,,524024,929250,-,,10113275,17.87,,,,,,,,,,67019,-,,153077,49865,-,,269961,30114874,30114874,-,1411254,-,-1411254,-,2653872,-,,,-,-,-,-,,,-,-,23166,40992,916354215,87148,480483,1.56E+11
24,CANNON ASSURANCE COMPANY,150000,-,-,409856,-,455826,1015682,72367,447250,175652,66709,1777661,87500,854500,4905,337357,-,-,21719,-,-,174150,4911,-,-,15727,109088,74691,7731,32979,27976,20753,3675,1777661,2014,828089,280698,130505,-,,,12001,-,4113,81016,100091,100653,-,-,1032757,,,,,,,103126,-,,159388,18184,-,,280698,0.5,,,,,,,,,,1437,-,,132711,16045,-,,150193,92314,92314,-,-,-,-,-,-,-,,,-,-,-,-,,,-,-,502,3850,14365388044,4041,11626,21104995816
25,CAPEX LIFE ASSURANCE COMPANY,150000,-,778,40024,-,48793,239594,11357,39838,134302,20710,445801,-,365000,6467,61646,-,-,2009,-,-,1287,-,-,-,-,-,-,243,7095,-,2000,54,445801,2014,77349,21366,21366,-,,,-,-,-,926,50788,35700,-,-,79861,,,,,,,15797,-,,5569,-,-,,21366,0.04,,,,,,,,,,-,-,,-,-,-,,-,39838,39838,-,-,-,-,-,-,-,,,-,-,-,-,,,-,-,125,712,201116271,988,2175,529179129
26,CIC LIFE ASSURANCE COMPANY,800000,-,-,970672,200178,-36701,1934149,416402,3282604,416002,657555,6706712,-,1676000,292639,1270643,633625,-,58268,-,-,77601,-,-,-,195358,169558,1488938,212006,159705,286251,129120,57001,6706712,2014,830851,4102384,3872341,-,,,3701,-,-,83106,1094127,482239,-,-,257611,,,,,,,574101,51375,,1403036,2073872,-,,4102384,7.25,,,,,,,,,,27046,-,,83010,119986,-,,230042,3282604,3282604,-,-,-,-,-,-,-,,,-,-,-,-,,,-,-,16561,175489,727356846,362934,196361,2.62E+11
27,CORPORATE INSURANCE COMPANY,150000,-,-,58650,-,-,208650,12292,481327,-,45979,748248,-,290000,546,145500,-,-,-,-,-,3547,1237,-,-,41847,-,224760,35883,-,-,4930,-,748248,2014,372487,240172,238490,-,,,9260,-,-,-331,292,583,-,-,475359,,,,,,,237108,-,,3064,-,-,,240172,0.42,,,,,,,,,,579,-,,1103,-,-,,1682,485640,481326,-,-,4314,-,4314,-,-,,,-,-,-,-,,,-,-,3508,,667034261,13064,-,3138825358
28,FIRST ASSURANCE COMPANY,150000,-,-,108967,-,-,258967,8668,21376,46700,18568,354278,-,75000,126,74098,-,-,-,-,-,7417,-,-,-,-,-,173058,9829,14596,-,155,-,354278,2014,220748,132618,74736,-,,,-,-,-,-7079,7511,27159,-,-,287545,,,,,,,-,-,,121962,10656,-,,132618,0.23,,,,,,,,,,-,-,,48770,9112,-,,57882,71094,21376,-,-,49718,-,49718,-,-,,,-,-,-,-,,,-,-,89,241838,10812764140,228,257871,35757637741
29,GA LIFE ASSURANCE COMPANY,200000,-,-,1284,419,-,201702,1484,1554229,385,14272,1772073,-,205600,1419,720976,-,-,129315,-,-,14159,13899,-,-,310,-,662371,21115,-,1203,1705,-,1772073,2014,734298,746466,730146,-,,,-,-,-,-3057,13241,155246,-,100000,1555512,,,,,,,-,-,,12893,4811,-,,746466,1.32,,,,,,,,,,-,-,,12566,3753,-,,16319,1544725,1397230,156999,-10788,-,1284,147494,728762,-,,,-,-,-,-,,,-,-,6,1521,668978177,22,3099,3274164587
30,GEMINIA INSURANCE COMPANY,150000,-,-,-,-,-,150000,31079,226985,-,158642,566706,-,-,-,197900,-,-,3750,-,-,-,-,-,-,946,-,304084,23643,-,-,36383,-,566706,2014,-,77876,49778,-,,,-,17,-,1873,7938,48286,-,-,80996,,,,,,,25080,-,,52796,-,-,,77876,0.14,,,,,,,,,,1522,-,,26575,-,-,,28097,337240,210985,-,-,-,126255,126255,-,-,,,-,-,-,-,,,-,-,145,3897,4514198005,739,9054,12131927415
31,JUBILEE INSURANCE COMPANY,500000,-,-,1958337,-,-,2458337,513652,37163665,-,725041,40860695,-,3577000,35982,18296604,-,1606763,1549136,-,-,6992629,1744541,-,-,360921,39599,5477730,376758,620035,182011,-,984,40860695,2014,27435367,11057479,10750068,-,,,1276167,-,-,612465,719572,4704639,34418,139646,37380826,,,,,,,1868954,3278792,,956815,-,-,,11057479,19.54,,,,,,,,,,2647,-,,304763,-,-,,307410,42237875,37163665,386121,139646,4448303,100140,5074210,-,1126415,,,-,-,3826503,-,,,-,-,12432,16397,19308570399,42952,231849,1.39E+11
32,KENINDIA ASSURANCE COMPANY,161388,-,-,318516,19011,-,498915,36676,18146432,-,290327,18972351,13829,1100533,20932,16336729,-,-,-,103734,-,177877,676,-,-,80566,4813,1002051,31326,-,36179,59242,3864,18972351,2014,15721337,2532797,2508840,-,,,18152,-,-,116653,234064,2187489,-,60000,18146432,,,,,,,698544,-,,39968,-,-,,2532797,4.48,,,,,,,,,,2177,-,,21780,-,-,,23957,4182877,4182877,-,60000,-,-60000,-,1794285,-,,,-,-,-,-,,,-,-,4008,4008,1035958978,19633,19633,4774343697
33,KENYA ORIENT LIFE ASSURANCE,150000,-,-,-,-56066,-,93934,-,157633,-,28862,280428,-,-,8269,32102,-,-,19045,-,-,-,20400,-,-,-,-,123206,30696,15774,-,23619,7318,280428,2014,-,202317,173971,-,,,-,-,-,8986,95955,18938,-,-,87968,,,,,,,553,-,,4332,197432,-,,202317,0.36,,,,,,,,,,131,-,,3823,24391,-,,28345,156633,156633,-,-,-,-,-,-,-,,,-,-,-,-,,,-,-,,34139,15044059393,-,34139,15044059393
34,LIBERTY LIFE ASSURANCE COMPANY,612340,-,300615,1355010,-344662,-,1923302,361052,19419317,538470,596310,22838451,450628,1015000,163615,9533811,451775,-,2085330,173097,-,3360533,11130,-,-,876943,293877,3550158,157748,319019,81846,290350,23590,22838451,2014,18514919,4395572,4281424,-,,,354432,-,-,189845,1133473,2304937,-,-,21074939,,,,,,,396429,62380,,609907,-,-,,4395572,7.77,,,,,,,,,,3511,-,,110637,-,-,,114148,19412524,19412524,-,-,-,-,-,1733220,-,,,-,-,1593636,-,,,-,-,7483,7483,3584157259,55067,56315,1.29E+11
35,MADISON INSURANCE COMPANY,150000,-,-,891790,62000,-,1103790,75821,4363610,-,504485,6047707,-,2865000,52492,940695,30513,-,72992,19598,-,100009,1369970,-,-,184402,35095,224041,25745,12724,114432,-,-,6047707,2014,4773171,1453173,1412556,-,,,323032,-,-,147899,552308,857001,-,-,5596275,,,,,,,768044,255017,,63740,53565,-,,1453173,2.57,,,,,,,,,,-,-,,-,-,-,,-,1218316,1218316,-,-,-,-,-,143879,87567,,,-,-,81361,-,,,-,-,9797,9797,1817684988,52829,71491,7133318336
36,METROPOLITAN,416726,491067,-,-,-757230,-,150563,51527,524334,-,36878,763302,-,-,5619,286418,-,-,82939,-,-,87471,-,-,-,1353,-,140866,36461,55707,28648,-,37821,763302,2014,380600,396534,300936,26942,,,-,-,-,38239,153993,55379,-,-106398,524335,,,,,,,18107,-,,336953,14080,-,,396534,0.7,,,,,,,,,,183,-,,95415,-,-,,95598,524334,524334,-,-106399,-,106399,-,-,-,,,-,-,27394,-,,,-,-,507,3557,7686371000,2654,19350,7757290337
37,OLD MUTUAL LIFE ASSURANCE,2174871,1884957,-,-,-1154287,-,2905540,403896,10560298,-,666073,14535807,865000,891000,40616,3816393,17457,-,438060,-,-,4478750,343719,-,-,267648,30869,2948135,149302,85579,9556,152463,1261,14535807,2014,10170831,1645530,1428674,330638,,,144946,-,1487,185386,969434,1645931,74337,-300128,10560314,,,,,,,333948,-,,334711,-,-,,1645530,2.91,,,,,,,,,,46127,-,,170497,-,-,,216857,9218452,9520483,-,-300128,-,-1903,-302031,-,-,,,-,-,976871,-,,,233,-,5403,9983,12124248089,31144,71449,85536449780
38,PIONEER ASSURANCE COMPANY,150000,-,-,277113,183772,-,610885,379351,819180,134238,142679,2086333,-,601647,15952,294258,-,-,1000,-,-,11240,4441,-,-,119838,-,583540,25667,295925,81949,43031,7845,2086333,2014,573894,2700501,1740595,62621,,,-,-,27439,159246,310185,146392,-,56000,1198258,,,,,,,504021,-,,2104460,-,-,,2700501,4.77,,,,,,,,,,852,-,,959053,-,-,,959905,1198259,729586,16797,56000,-,395876,468673,9283,-,,,-,-,82737,-,,,-,-,5353,4701,3.34E+11,21173,26138,3.36E+11
39,PRUDENTIAL LIFE ASSURANCE,250000,861975,-,-,-644183,-,467792,151392,394633,-,23094,1036911,-,-,6807,46983,-,-,-,-,-,-,-,-,-,15127,-,-,949907,6608,-,11479,-,1036911,2014,313350,153354,152774,-,,,-,-,-,20238,72232,10441,-,-,384095,,,,,,,152235,-,,1119,-,-,,153354,0.27,,,,,,,,,,-,-,,580,-,-,,580,327646,327646,-,-,-,-,-,-,-,,,-,-,-,-,,,-,-,1080,1080,100377485,8892,9085,755129104
40,SAHAM ASSURANCE,150000,-,8754,-,2534,-,161288,11271,850135,1841,7021,1031556,-,74000,4958,216535,-,-,95381,-,-,14983,-,-,-,7768,-,603835,-,8380,-,5717,-,1031556,2014,754285,169253,166990,-,,,2042,-,-,11774,47020,102591,-,-,845278,,,,,,,41533,-,,1303,2120,-,,169253,0.3,,,,,,,,,,832,-,,1389,42,-,,2263,894803,795753,60051,-,-,38999,99050,124297,-,,,-,-,-,-,,,-,-,,,,2150,2153,1105310443
41,TAKAFUL OF AFRICA INSURANCE,-,-,-,-,-,-,-,-,-,-,-,-,-,-,-,-,-,-,-,-,-,-,-,-,-,-,-,-,-,-,-,-,-,-,2014,-,-,-,-,,,-,-,-,-,-,-,-,-,-,,,,,,,-,-,,-,-,-,,-,-,,,,,,,,,,-,-,,-,-,-,,-,-,-,-,-,-,-,-,-,-,,,-,-,-,-,,,-,-,,,,-,-,-
42,THE KENYAN ALLIANCE INSURANCE,150000,-,-,39609,6000,-,195609,15260,858949,16975,5920,1092714,-,-,941,100100,-,-,50000,-,-,-,-,-,-,17866,-,809866,1701,77966,-,34275,-,1092714,2014,629836,385456,234338,-,,,10823,-,-,-19314,39504,96420,-,11249,858949,,,,,,,7513,-,,199887,1240,-,,385456,0.68,,,,,,,,,,-,-,,151118,-,-,,151118,686092,686092,-,11249,-,-11249,-,159642,17174,,,-,-,-,-,,,-,-,149,5704,4422359648,1053,14297,53465553481
43,UAP LIFE ASSURANCE COMPANY,635456,8637,27534,-95942,-,-,575685,456263,7156168,-,385236,8573352,-,880000,37378,3237379,-,-,826552,293920,-,2280757,41709,324,-,10992,8357,224594,139079,488619,38800,64893,-,8573352,2014,5844017,2594032,2280772,14260,,,117291,-,-,65555,520522,1098342,-,-,7834315,,,,,,,294325,666236,,745118,-,-,,2594032,4.58,,,,,,,,,,-,-,,313260,-,-,,313260,7414391,7414391,-,-,-,-,-,781429,-,,,-,-,106924,-,,,-,-,2562,132297,2.02E+12,8942,138593,2.65E+12
44,PAN AFRICA LIFE ASSURANCE COMPANY,200000,30260,-,1848040,-602241,-,1476059,-,19029717,554413,1000385,22060574,84407,1007000,100494,10807458,1210328,-,1086562,139053,-,4033619,-,-,-,-,372071,2222916,152820,398439,262679,54463,128263,22060574,2014,1923788,5569829,5314072,-,,,-,-,-,723713,810332,2344591,7866,-,3794772,,,,,,,1205806,1149169,,849408,653049,-,,5569829,9.84,,,,,,,,,,22707,-,,233050,-,-,,255757,19895127,18908761,170026,-,-,816341,986366,323302,-,,,-,-,1389095,-,,,-,-,49725,49761,54208119082,472919,473722,4.33E+11
45,APA LIFE ASSURANCE COMPANY,450000,-,9807,19052,-23710,-,455149,159501,2965723,1204,89152,3670729,-,295000,17090,1260768,32740,-,92127,57802,-,630648,30954,-,-,12277,-,913271,63089,173786,58776,11666,20734,3670729,2015,493872,478286,138715,-,,,-,-,-,6231,91047,76426,1273,-,486165,,,,,,,40436,64696,,418352,59934,-,,1037048,1.67,,,,,,,,,,647,-,,314596,24975,-,,340218,2953842,2809742,123787,-,-,20313,144100,361495,92135,,,-,-,-,-,,,-,-,1068,14448,39269944420,4430,116243,1.19E+11
46,BARCLAYS LIFE,450000,-,-6714,-3976,37941,-,477251,-,183444,-,113910,774605,-,-,25762,600210,-,-,-,-,-,-,-,-,-,-,-,-,41683,4045,102905,-,-,774605,2015,-,502807,489265,-,,,-,-,-,155907,36649,-,-,-,239121,,,,,,,15037,-,,31468,471339,-,,517844,0.83,,,,,,,,,,-,-,,13542,-,-,,13542,263524,183444,-,-,-,80080,80080,-,-,,,-,-,-,-,,,-,-,5,114691,54582138483,5,114691,54582138483
47,BRITISH AMERICAN INVESTMENTS COMPANY,880000,-,5364888,-,-25806,-210000,6009082,521954,35529159,2112917,1455249,45628361,286286,3725907,647150,11898256,-,4154582,802457,205918,-,5454577,482169,-,-,614663,994281,823932,531206,414830,2178867,11306046,1107237,45628361,2015,1458395,1374338,1149315,-,,,-,-,-,-24386,352994,-123584,4755,-,1598938,,,,,,,6384080,471006,,477718,896620,-,,12159142,19.59,,,,,,,,,,59724,-,,206070,18951,-,,284746,35529159,35529159,-,161574,-,-161574,-,3929719,-,,,-,-,-,-,,,-,-,24002,391328,1.66E+11,92393,551956,5.56E+11
48,CANNON ASSURANCE COMPANY,150000,-,-,371976,-,427204,949180,81237,469885,181243,73647,1755192,102500,810500,13242,352761,-,-,18278,-,-,136723,5291,-,-,15476,99031,95017,15353,3818,-,84804,2397,1755192,2015,95454,38432,14215,-,,,-,-,-,-2946,4508,1428,-,-2378,97575,,,,,,,99673,-,,19945,18487,-,,138106,0.22,,,,,,,,,,1495,-,,10137,14080,-,,25713,89324,89324,-,-23793,-,23793,-,-,-,,,-,-,-,-,,,-,-,654,654,152459876,4709,12294,21263078996
49,CAPEX LIFE ASSURANCE COMPANY,150000,-,778,42471,-,48793,242041,7549,51781,153759,23554,478684,-,394785,5379,63646,-,-,-,-,-,3,-,-,-,-,-,-,185,13619,-,1045,22,478684,2015,-,17938,14052,-,,,-,-,-,-,-,-,-,-,14052,,,,,,,13117,-,,17938,-,-,,31055,0.05,,,,,,,,,,-,-,,3886,-,-,,3886,51781,51781,-,-,-,-,-,-,-,,,-,-,-,-,,,-,-,76,3178,3418226262,494,3988,3479182669
50,CIC LIFE ASSURANCE COMPANY,800000,-,-,1039811,215178,-120937,1934052,336681,4113253,445633,628776,7458395,-,1945000,192059,1812577,639841,-,313253,-,-,367933,11000,-,-,222239,196427,835142,96941,540802,244620,-,40563,7458395,2015,831012,2575132,1918396,-,,,-,-,-,156388,855868,477839,-,115000,884316,,,,,,,669886,196525,,749537,1825595,-,,4248592,6.85,,,,,,,,,,15667,-,,191379,465357,-,,672403,3357156,3357156,-,115000,-,-115000,-,807047,-,,,-,-,-,-,,,-,-,10704,10704,59345922,392743,1601098,4.42E+11
51,CORPORATE INSURANCE COMPANY,150000,-,-,65761,-,-,215761,19470,563018,-,60219,858468,-,324000,546,162139,-,-,-,-,-,-,2969,-,-,49701,-,249777,66673,-,2662,-,-,858468,2015,9971,115,115,-,,,-,-,-,-,-,-,-,-,10086,,,,,,,267651,-,,115,-,-,,267766,0.43,,,,,,,,,,882,-,,-,-,-,,882,570129,563018,-,-,7111,-,7111,-,-,,,-,-,-,-,,,-,-,875,467,92118407,11753,9857,2776674687
52,FIRST ASSURANCE COMPANY,150000,-,-,127628,-,-,277628,3116,18863,54998,3410,358014,-,77500,83,83802,-,-,-,-,-,6029,-,-,-,-,-,136363,5241,8386,9266,31345,-,358014,2015,287545,81246,23671,-,,,-,-,-,-16855,15515,26319,-,-,307139,,,,,,,-,-,,71760,9486,-,,81246,0.13,,,,,,,,,,-,-,,49610,7965,-,,57576,18863,18863,-,-,-,-,-,-,-,,,-,-,-,-,,,-,-,93,13070,16742270530,271,273586,56145900429
53,GA LIFE ASSURANCE COMPANY,200000,-,-,5280,4718,-,209998,300,2312009,1584,8937,2532828,-,797368,723,1306180,-,-,143611,-,-,19864,15300,-,-,297,-,234326,11757,-,-,3401,-,2532828,2015,1636,24080,958,-,,,-,-,-,-5405,9071,2853,-,-,1182,,,,,,,-,-,,20362,3718,-,,721504,1.16,,,,,,,,,,-,-,,19653,3468,-,,23122,2317289,2082641,229368,-,-,5280,234648,697424,-,,,-,-,-,-,,,-,-,8,3469,592557663,28,5559,3866722250
54,GEMINIA INSURANCE COMPANY,150000,-,-,-,-,-,150000,13764,205570,-,262456,631789,-,-,-,225300,-,-,3000,-,-,-,-,-,-,1224,-,355597,12593,-,-,34075,-,631789,2015,78591,63927,39483,-,,,-,-,-,366,2206,34885,7126,-,138095,,,,,,,28604,-,,63927,-,-,,92531,0.15,,,,,,,,,,1575,-,,24444,-,-,,26018,404637,185570,-,-,-,219067,219067,-,-,,,-,-,-,-,,,-,-,734,-,148108218,3299,-,16086877341
55,ICEA LIFE ASSURANCE COMPANY,450000,-,-,4526809,1800988,200000,6977797,108047,41705635,1275567,406740,50473786,-,9104750,174665,28647498,-,676490,1534531,-,-,5557608,-,1279,-,372867,365558,3677967,36897,24342,140831,125860,32643,50473786,2015,385767,862485,596591,-,,,-,-,-,-26818,147779,32833,-,17484,698184,,,,,,,1791383,790419,,529285,333200,-,,8243641,13.28,,,,,,,,,,31703,-,,157349,108545,-,,297598,50101005,41705635,2311606,352000,1093906,4637858,8395370,3002517,1738690,,,-,-,58146,-,,,-,-,9100,251346,56818980964,41254,401838,1.95E+11
56,JUBILEE INSURANCE COMPANY,500000,-,-,3327844,-,-,3827844,559747,40604075,-,832067,45823734,-,3930000,43491,23799566,-,1725518,1628532,-,-,5808912,2060543,-,-,485824,-,5639974,84899,468603,146783,-,1089,45823734,2015,361542,846014,553777,-,,,-,-,-,171848,151400,85469,873,233846,-19477,,,,,,,2078368,271122,,846014,-,-,,8979364,14.47,,,,,,,,,,2311,-,,292236,-,-,,294548,44579773,40604075,-,647854,-,3327844,3975699,4483446,1300415,,,-,-,-,-,,,-,-,16116,62204,6946822318,51805,322712,75055278312
57,KENINDIA ASSURANCE COMPANY,161388,-,-,318516,81555,1160466,1721925,41489,20783667,4104,1088541,23639726,1200106,1617760,18933,19582129,-,-,-,103425,-,193608,675,-,-,91162,4813,603394,165282,-,53906,-,4534,23639726,2015,94779,43860,23565,-,,,-,-,-,8247,2353,14716,-,30000,86607,,,,,,,1001162,-,,43860,-,-,,3283937,5.29,,,,,,,,,,3094,-,,20295,-,-,,23389,20783667,20783667,2121120,60000,-,-2181120,-,2238915,-,,,-,-,-,-,,,-,-,4042,4589,2878267439,23333,26868,12963530792
58,KENYA ORIENT LIFE ASSURANCE,150000,-,-,-,-19377,-,130623,-,302721,-,44367,477712,-,-,15209,120143,-,-,32122,-,-,-,20400,-,-,-,-,210953,3687,23592,-,46908,4698,477712,2015,101480,481388,414329,-,,,-,-,-,17228,226980,30751,-,-,276644,,,,,,,32248,-,,19036,462352,-,,513636,0.83,,,,,,,,,,447,-,,14125,52934,-,,67505,301721,301721,-,-,-,-,-,-,-,,,-,-,-,-,,,-,-,1338,46207,31658206043,1429,80351,46703944917
59,LIBERTY LIFE ASSURANCE COMPANY,612340,-,311465,1539343,-341630,-,2121517,473324,19600444,793203,507312,23495801,466118,1144500,166349,9979621,-,-,2301319,-,-,2300925,398149,-,-,1082305,347722,4568465,252536,210784,18602,171385,87022,23495801,2015,358213,754918,475472,-,,,-,-,-,14550,131567,93555,-,-,405446,,,,,,,419427,77750,,754918,-,-,,4682453,7.54,,,,,,,,,,4366,-,,279447,-,-,,283812,19600444,19600444,-,-,-,-,-,1652286,-,,,-,-,1778071,-,,,-,-,8161,11989,5000926221,55337,62464,27322986153
60,MADISON INSURANCE COMPANY,150000,-,-,1318453,62000,-,1530453,96044,5627370,-,649182,7903048,-,3975000,59493,1326188,53491,-,84664,83161,-,162083,1428628,-,-,112659,12723,426420,19493,11113,51634,96298,-,7903048,2015,118024,157674,103861,-,,,-,-,-,-551,89510,11104,-,-,104447,,,,,,,912087,1020389,,88729,68945,-,,2408804,3.88,,,,,,,,,,-,-,,53812,-,-,,53812,3431292,3431292,-,-,-,-,-,150201,110705,,,-,-,57747,-,,,-,-,11688,15768,6103818780,55307,78052,31096092410
61,METROPOLITAN,416725,491068,-,-,-842442,-,65351,56504,590534,-,58124,770512,-,-,4812,262591,-,-,114251,-,-,68322,-,-,-,1054,-,137452,10867,127626,15053,2972,25513,770512,2015,295062,350635,187565,444,,,-,-,-,22564,97306,23631,-,-29918,332246,,,,,,,20843,-,,327847,22788,-,,393517,0.63,,,,,,,,,,244,-,,163070,-,-,,163314,399305,399305,-,-76714,-,76714,-,-,-,,,-,-,22040,-,,,-,-,2273,11428,782510000,4667,27483,21611921000
62,OLD MUTUAL LIFE ASSURANCE,2174871,1884957,-,-,-923551,-,3136277,446097,9540667,-,764231,13887271,990000,950000,107246,3887247,18642,-,803062,-,-,3809363,489924,-,-,266317,28969,993784,268953,58676,1095855,112465,6768,13887271,2015,118626,366304,180410,-,,,-,-,-,37610,156116,73276,780,30343,74001,,,,,,,476579,-,,366304,-,-,,2004537,3.23,,,,,,,,,,62438,-,,185894,-,-,,248411,3424726,3424726,-,91705,-,-91705,-,-,-,,,-,-,1161654,-,,,78,-,5215,5735,10530389749,33622,89349,97589468570
63,PIONEER ASSURANCE COMPANY,150000,-,-,315564,301690,-,767254,617536,1499043,140842,123708,3148383,-,875059,33571,447126,-,-,1000,-,-,27218,-,-,-,84170,-,996954,210910,337416,58972,66337,9648,3148383,2015,589035,3497884,2191167,-,,,-,-,-,72076,140606,156403,-,73000,1396187,,,,,,,581622,-,,3497884,-,-,,4182235,6.74,,,,,,,,,,3,-,,1306717,-,-,,1306720,2022848,1499042,-,73000,-,450806,523806,70085,-,,,-,-,32644,-,,,-,-,6094,79483,1.75E+11,32753,456444,1.47E+12
64,PRUDENTIAL LIFE ASSURANCE,250000,369064,-,-446598,-,-,172466,153796,398233,-,115550,840045,-,-,46507,252431,-,-,-,-,-,-,-,-,-,11310,-,-,458288,8647,3037,45541,14283,840045,2015,-7147,1931,224,-,,,-,-,-,-,4861,1016,3,-,-10771,,,,,,,132702,-,,1931,-,-,,134633,0.22,,,,,,,,,,-,-,,1707,-,-,,1707,366980,366980,-,-,-,-,-,-,-,,,-,-,-,-,,,-,-,1003,1003,110047620,8755,8862,791853973
65,SAHAM ASSURANCE,150000,-,4131,-,893,-,155024,9048,968809,1500,20036,1154416,-,76000,4561,403905,-,-,70760,-,-,11440,-,-,-,8842,-,539272,4422,535,-,34679,-,1154416,2015,3031,112478,29756,-,,,-,-,-,-9217,17185,5829,-,-,27656,,,,,,,43110,-,,112310,168,-,,297226,0.48,,,,,,,,,,1494,-,,82710,10,-,,84214,1038698,892058,88625,-,-,58015,146640,141638,-,,,-,-,-,-,,,-,-,529,3356,12940865559,529,3356,12940865559
66,TAKAFUL OF AFRICA INSURANCE,-,-,-,-,-,-,-,-,-,-,-,-,-,-,-,-,-,-,-,-,-,-,-,-,-,-,-,-,-,-,-,-,-,-,2015,-,-,-,-,,,-,-,-,-,-,-,-,-,-,,,,,,,-,-,,-,-,-,,-,-,,,,,,,,,,-,-,,-,-,-,,-,-,-,-,-,-,-,-,-,-,,,-,-,-,-,,,-,-,-,-,-,-,-,-
67,THE KENYAN ALLIANCE INSURANCE,150000,-,-,6000,18282,-,174282,55763,1221110,7835,18883,1477872,-,300000,2629,95450,-,-,55679,-,-,-,-,-,-,14619,-,905834,9199,31071,-,63390,-,1477872,2015,222356,147215,45185,-,,,-,-,-,-14629,26925,53288,-,30468,204384,,,,,,,7946,203143,,146394,821,-,,562758,0.91,,,,,,,,,,-,-,,102030,-,-,,102030,-,-,-,30468,-,-30468,-,163595,40859,,,-,-,-,-,,,-,-,415,1705,3664924070,1445,13184,32596750173
68,THE MONARCH INSURANCE,154976,-,-,37927,-,151510,344413,50583,124412,16254,51206,586868,-,234832,27922,74446,-,15000,-,-,-,-,-,-,-,-,-,-,2096,77304,-,150000,5269,586868,2015,26632,14085,5773,-,,,-,-,-,1942,27521,29287,-,-,13408,,,,,,,8745,-,,14085,-,-,,22830,0.04,,,,,,,,,,37,-,,8313,-,-,,8350,120316,120316,-,-,-,-,-,-,-,,,-,-,-,-,,,-,-,584,1179,943881304,1932,4576,7078016038
69,UAP LIFE ASSURANCE COMPANY,1135456,3637,27534,-,-363990,445500,1248137,572595,7703421,-,299330,9823482,-,900000,35124,3820747,-,-,850625,419183,-,1924318,15353,-,-,7603,37774,1056017,37451,440315,35257,243715,-,9823482,2015,1301390,866393,533428,864375,,,-,-,-,-20185,215492,-37371,-26583,-,2110282,,,,,,,371541,6578,,866393,-,-,,2156692,3.47,,,,,,,,,,-,-,,332964,-,-,,332964,7192299,7192299,-,-,-,-,-,804689,-,,,-,-,107491,-,,,-,-,2814,6988,84672711865,10945,14917,94616251100
70,PAN AFRICA LIFE ASSURANCE COMPANY,200000,30260,-,2184707,-734697,-,1680270,-,19588649,655413,884921,22809253,-,1558099,96387,11392110,572762,-,2465348,595133,-,2654351,-,-,-,22256,358349,2266690,105677,176858,-,430882,114351,22809253,2015,2409478,1015738,782874,-,,,-,-,-,108704,68517,206111,-,-,2500137,,,,,,,1386889,1035797,,372479,643259,-,,4903710,7.9,,,,,,,,,,34040,-,,219417,13447,-,,266904,20896407,19404437,139495,-,-,1352475,1491970,260671,-,,,-,-,1204616,-,,,-,-,-,-,-,111115,111115,2.75E+11
71,APA LIFE ASSURANCE COMPANY,"450,000",-,"4,106","7,840","-89,451",-,"372,495","150,623","3,313,362","3,385","139,553","3,979,418",-,"313,000","14,360","2,403,059","15,209",-,"92,130","53,329",-,"341,789","16,592",-,-,"13,420",-,"448,090","83,313","123,380","33,015","13,179","15,551","3,979,418",2016,"2,986,035","1,223,439","836,952",-,"510,861","469,747",-,-,"57,123","50,467","222,861","231,644","19,789","-90,000","3,324,646",,,,,,,"63,069","15,271","498,176","562,625","83,891",-,407,"1,223,439",1.66,-,-,-,-,-,-,-,-,,256,-,-,"351,550","34,681",-,-,"386,487","3,204,065","3,114,158","168,625","-90,000",-,"11,283","89,908",,,,,,,,,,,,,"2,757","46,375","105,175,124,271","5,100","151,016","400,425,513,167"
72,BARCLAYS LIFE,"450,000",-,"1,915","-476,999","78,323",-,"53,239",-,"818,405","400,000","353,749","1,625,393",-,-,"43,832","1,453,558",-,-,-,-,-,-,-,-,-,-,-,"20,000","79,285","23,602","4,359",757,-,"1,625,393",2016,"-3,976","1,252,818","815,900",-,"143,390","142,794",596,-,-,"255,721","331,746","76,895",-,-,"157,962",,,,,,,"135,737",-,-,"71,668","1,045,413",-,-,"1,252,818",1.7,-,-,-,-,-,-,-,-,,-,-,-,"42,735","394,183",-,-,"436,918","818,405","818,405",-,-,-,-,-,,,,,,,,,,,,,"30,844","35,144","80,919,819,976","101,824","107,147","138,025,793,063"
73,CANNON ASSURANCE COMPANY,"150,000",-,-,"204,897",-,"461,946","816,843","54,289","617,169","131,120","84,564","1,703,985","105,000","822,700","15,636","456,623",-,-,"15,539",-,-,"60,949","5,291",-,-,"19,925","89,997","38,917","24,637","9,931",-,"37,770","1,069","1,703,985",2016,"1,001,906","116,717","100,858",-,"220,461","220,461",-,-,-,"3,735","111,656","67,914",-,-,"834,827",,,,,,,"97,647",-,-,"3,308","15,762",-,-,"116,718",0.16,-,-,-,-,-,-,-,-,,"1,277",-,-,"2,141","12,441",-,-,"15,860","226,399","226,399",-,-,-,-,-,,,,,,,,,,,,,433,784,"1,287,793,524","4,454","10,832","14,643,386,871"
74,CAPEX LIFE ASSURANCE COMPANY,"150,000",-,778,"45,023",-,"48,793","244,593","2,099","74,383","111,741","38,820","471,636",-,"429,985","3,552","21,646",-,-,-,-,-,2,-,-,-,-,-,-,"3,412","11,910",-,"1,129",-,"471,636",2016,"94,252","56,647","44,794",-,"12,108","6,658",-,-,-,"6,426","46,311","39,756",-,-,"119,406",,,,,,,"7,519",-,-,"49,128",-,-,-,"56,647",0.08,-,-,-,-,-,-,-,-,,-,-,-,"11,853",-,-,-,"11,853","74,383","74,383",-,-,-,-,-,,,,,,,,,,,,,59,"3,648","4,517,259,886",402,"4,414","4,992,865,517"
75,CIC LIFE ASSURANCE COMPANY,"800,000",-,-,"1,034,838","215,678","-119,805","1,930,711","262,051","5,301,920","446,237","411,916","8,352,836",-,"2,100,000","170,910","2,622,211","525,670",-,"324,721","9,535",-,"336,435","6,990",-,-,"253,643","186,302","552,087","181,322","277,799","305,272","486,574","13,366","8,352,836",2016,"1,039,811","4,352,847","3,615,961",-,"1,681,516","1,920,599",-,-,-,"283,279","1,147,619","411,283",-,"115,000","1,600,555",,,,,,,"754,835","220,819","565,718","447,886","2,363,589",-,-,"4,352,847",5.92,-,-,-,-,-,-,-,-,,"5,007",-,-,"114,030","617,849",-,-,"736,886","4,021,226","4,021,226",-,"115,000",-,"-115,000",-,,,,,,,,,,,,,"163,794","8,365","2,746,091,110","346,001","28,262","8,841,829,043"
76,CORPORATE INSURANCE COMPANY,"150,000",-,-,"151,265",-,"18,000","319,265","16,699","485,013",-,"94,833","915,810",-,"353,000",644,"164,350",-,-,-,-,-,"1,134",986,-,-,"56,261",-,"328,845","4,642",-,"5,948",-,-,"915,810",2016,"569,906","295,766","290,580",-,"173,327","173,327",-,-,-,"79,819","79,412","98,824",-,-,"626,754",,,,,,,"287,686",-,-,"8,080",-,-,-,"295,766",0.4,-,-,-,-,-,-,-,-,,"2,985",-,-,"2,201",-,-,-,"5,185","640,071","485,013",-,-,-,"155,058","155,058",,,,,,,,,,,,,"3,761","3,761","201,560,321","8,094","7,984","2,422,791,476"
77,FIRST ASSURANCE COMPANY,"150,000",-,-,"159,539",-,-,"309,539","4,045","16,329","68,904","21,379","420,195",-,"77,500",42,"216,597",-,-,-,-,-,"4,933",-,-,-,-,-,"100,239","13,342","7,542",-,-,-,"420,195",2016,"307,139","103,450","27,439",-,"10,762",-,-,-,-,"-20,014","15,179","23,234",-,-,"362,648",,,,,,,-,-,-,"93,957","9,493",-,-,"103,450",0.14,-,-,-,-,-,-,-,-,,-,-,-,"68,022","7,989",-,-,"76,011","48,240","16,329",-,-,"31,912",-,"31,912",,,,,,,,,,,,,107,"17,581","25,829,850,043",277,"42,600","51,290,808,856"
78,GA LIFE ASSURANCE COMPANY,"200,000",-,-,"23,970","8,483",-,"232,453",-,"3,862,834","7,191","18,776","4,121,253",-,"1,030,992",529,"2,601,103",-,-,"143,669",-,-,"51,892",-,-,-,348,-,"271,924","6,439","1,516",78,"11,463","1,301","4,121,253",2016,"2,317,288","1,525,304","1,497,225",-,"262,174","261,874",-,-,-,"-11,882","28,747","351,031",-,-,"3,886,804",,,,,,,-,-,"1,494,913","25,810","4,581",-,-,"1,525,305",2.07,-,-,-,-,-,-,-,-,,-,-,-,"23,867","4,212",-,-,"28,080","3,886,804","3,545,755",-,-,-,"341,049","341,049",,,,,,,,,,,,,2,305,"707,093,213",30,"5,864","4,573,815,463"
79,GEMINIA INSURANCE COMPANY,"150,000",-,-,-,-,-,"150,000","21,931","353,956",-,"399,805","925,692",-,-,-,"506,800",-,-,"2,250",-,-,-,-,-,-,"1,717",-,"369,122","9,755",-,-,"36,047",-,"925,692",2016,"424,637","288,015","264,912",-,"25,730",-,-,-,-,"5,229","14,356","69,305",-,-,"739,268",,,,,,,"238,317",-,-,"49,698",-,-,-,"288,016",0.39,-,-,-,-,-,-,-,-,,"1,688",-,-,"21,415",-,-,-,"23,104","705,421","353,956",-,-,-,"351,465","351,465",,,,,,,,,,,,,"1,775","11,743",-,"3,550","23,486",-
80,ICEA LIFE ASSURANCE COMPANY,"450,000",-,-,"6,972,500","1,916,530","200,000","9,539,029","103,426","45,168,676","1,743,949","598,730","57,153,810",-,"9,882,477","147,301","36,993,981",-,"676,490","1,194,239",-,-,"5,148,101",-,"1,279",-,"487,398","386,788","1,926,280","2,640",-,"181,719","96,145","28,972","57,153,810",2016,"41,705,634","9,525,607","9,305,231",-,"5,197,941","5,001,854","191,466",-,"662,130","447,739","912,555","5,059,489",-,"674,999","48,179,611",,,,,,,"1,981,697","914,678","5,880,157","494,385","201,349",-,"53,341","9,525,606",12.96,-,-,-,-,-,-,-,-,,"23,986",-,-,"183,188","13,202",-,-,"220,375","9,732,586","9,732,586",-,"675,000",-,"-675,000",-,,,,,,,,,,,,,"9,508","11,248","7,596,038,206","46,426","400,033","176,024,597,802"
81,JUBILEE INSURANCE COMPANY,"500,000",-,-,"2,185,074","1,010,866",-,"3,695,940","1,034,599","46,409,909","63,508","1,252,098","52,456,054",-,"4,180,000","41,072","33,311,929",-,"1,830,933","1,400,783",-,-,"4,168,053","2,188,371",-,-,"694,949",-,"3,757,471","58,256","588,447","209,857",-,"25,931","52,456,054",2016,"40,604,075","10,360,845","9,802,970",-,"970,296","1,329,973","4,636,498",-,-,"676,508","951,348","3,505,248","50,206","1,000,621","45,267,137",,,,,,,"2,802,794","260,015","5,896,593","1,401,443",-,-,-,"10,360,845",14.09,-,-,-,-,-,-,-,-,,"3,568",-,-,"554,307",-,-,-,"557,875","52,750,624","46,409,909","3,155,021","1,000,620",-,"2,185,074","6,340,715",,,,,,,,,,,,,"16,067","82,220","918,992,282,229","59,957","291,872","938,369,578,687"
82,KENINDIA ASSURANCE COMPANY,"161,388",-,-,"318,516","69,440","1,099,328","1,648,672","51,499","24,256,946","1,995","338,940","26,298,052","1,161,384","1,731,002","19,295","22,317,475",-,-,"52,780","102,704",-,"141,198",675,-,-,"87,483","4,813","510,774","71,779",-,"80,436",-,"16,255","26,298,052",2016,"21,944,132","3,947,010","3,910,842",-,"2,732,435","2,766,175",-,-,-,"133,474","349,475","2,810,421",-,"60,000","25,356,274",,,,,,,"1,026,560","343,614","2,517,075","59,761",-,-,-,"3,947,011",5.37,-,-,-,-,-,-,-,-,,"3,541",-,-,"32,627",-,-,-,"36,169","28,062,548","24,256,962","2,613,680","60,000",-,"1,131,905","3,805,585",,,,,,,,,,,,,"9,662","9,662","10,365,913,205","30,093","33,629","29,692,339,841"
83,KENYA ORIENT LIFE ASSURANCE,"173,000",-,-,-,"13,700",-,"186,700","29,106","330,555",-,"7,857","554,218",-,-,"17,298","157,121",-,-,"32,387","10,536",-,-,"92,686",-,-,"10,152",-,"130,555","21,215","48,094",-,"32,609","1,566","554,218",2016,"283,345","290,023","228,250",-,"55,180","62,062",-,-,-,"-10,507","137,096","49,723",-,-,"372,666",,,,,,,"61,688",-,"6,065","32,622","189,648",-,-,"290,023",0.39,-,-,-,-,-,-,-,-,,76,-,-,"16,936","44,761",-,-,"61,773","368,255","330,555",-,-,-,"37,701","37,701",,,,,,,,,,,,,"1,154","40,028","18,634,247,869","2,585","120,275","35,724,500,517"
84,LIBERTY LIFE ASSURANCE COMPANY,"612,340",-,"322,315","1,678,688","-339,121",-,"2,274,222","394,315","19,359,449","857,573","577,607","23,463,165","481,607","1,049,000","132,058","12,335,017",-,-,"2,122,209",-,-,"2,003,088","212,386",-,-,"1,217,990","383,051","2,876,830","188,999","180,746","52,740","130,049","97,394","23,463,165",2016,"21,352,772","4,325,797","4,038,055",-,"4,574,231","4,665,361",-,-,-,"217,801","1,245,959","2,098,748",-,-,"21,360,453",,,,,,,"402,807","17,258","1,276,993","404,317","366,437",-,"1,857,985","4,325,797",5.88,-,-,-,-,-,-,-,-,,"4,518",-,-,"178,758","104,466",-,-,"287,742","19,359,449","19,359,449",-,-,-,-,-,,,,,,,,,,,,,"6,820","9,545","5,207,717,126","54,977","63,226","29,114,380,208"
85,MADISON INSURANCE COMPANY,"150,000",-,-,"1,417,893","62,000",-,"1,629,893","97,914","7,114,133","472,452","157,671","9,472,064",-,"4,538,000","57,893","1,960,579","32,914",-,"155,323",-,-,"144,991","1,918,537",-,-,"110,836","39,222","289,016","16,914","44,183","148,745",-,"14,910","9,472,064",2016,"7,538,505","2,381,168","2,348,363",-,"961,310",-,-,-,-,"189,742","664,634","1,017,207",-,-,"10,049,697",,,,,,,"924,183","1,006,062","270,211","73,316","71,628",-,"35,768","2,381,167",3.24,-,-,-,-,-,-,-,-,,-,-,-,"32,805",-,-,-,"32,805","9,141,212","7,231,496","178,927",-,-,"1,730,789","1,909,716",,,,,,,,,,,,,"16,650","19,585","11,569,887,387","60,269","81,869","36,562,161,017"
86,METROPOLITAN,"416,726","689,937",-,-,"-921,553",-,"185,110","97,843","679,059",-,"81,154","1,043,165",-,-,"4,765","489,645",-,-,"108,338",-,-,"56,880",-,-,-,491,-,"99,044","85,668","143,205","19,504","21,260","14,365","1,043,165",2016,"590,534","393,864","325,986",376,"127,537","147,076","21,787",-,-,"33,262","166,207","67,726",-,"-62,768","679,058",,,,,,,"16,185",-,-,"331,791","20,499",-,"25,389","393,863",0.54,-,-,-,-,-,-,-,-,,219,-,-,"67,659",-,-,-,"67,877","322,294","322,294",-,"-62,767",-,"62,767",-,,,,,,,,,,,,,298,250,-,"3,900","3,771","21,611,921,000"
87,OLD MUTUAL LIFE ASSURANCE,"2,174,871","1,884,957",-,-,"-2,384,181",-,"1,675,647","437,434","10,554,248",-,"769,341","13,436,670","1,100,000","980,000","98,666","3,434,187","19,888",-,"732,005",-,-,"3,016,332","446,037",-,-,"209,613","28,858","2,686,982","296,484","69,576","149,136","164,068","4,838","13,436,670",2016,"9,540,667","2,038,363","1,837,236","422,497","2,289,399","563,616","1,716,029",-,"1,091","235,761","1,012,688","696,142","71,311","-1,658,201","10,554,249",,,,,,,"698,891",-,-,"277,020",-,-,"1,062,452","2,038,363",2.77,-,-,-,-,-,-,-,-,,"64,749",-,-,"136,378",-,-,-,"201,127","4,780,214","4,780,214",-,"-1,658,200",-,"1,658,200",-,,,,,,,,,,,,,"5,437","5,594","7,950,378,956","34,025","110,538","91,584,068,535"
88,PIONEER ASSURANCE COMPANY,"150,000",-,-,"524,118","265,300",-,"939,418","865,654","2,109,510",-,"599,805","4,514,387",-,"1,152,347","38,678","616,631",-,-,"1,000",-,-,"24,712",-,-,-,"83,474",-,"1,159,503","175,081","1,045,396","120,543","83,669","13,353","4,514,387",2016,"2,022,849","5,292,115","3,932,794",-,"3,140,126","3,388,244","37,669",-,-,"223,159","407,214","210,154",-,-,"2,109,509",,,,,,,"660,591","116,521","199,353","3,989,564","233,957",-,"92,129","5,292,116",7.2,-,-,-,-,-,-,-,-,,27,-,-,"1,359,294",-,-,-,"1,359,322","2,815,533","2,031,792",-,-,"35,000","748,741","783,741",,,,,,,,,,,,,"8,712","176,221","117,307,770,059","35,384","1,127,568","4,649,417,607,868"
89,PRUDENTIAL LIFE ASSURANCE,"400,000","718,444",-,"-823,094",-,-,"295,351","115,998","458,775",-,"53,320","923,443",-,-,"45,563","248,449",-,-,-,-,-,-,-,-,-,"10,699",-,"331,728","177,999","8,344","6,854","56,841","36,964","923,443",2016,"-384,520","158,781","149,543","3,675","144,159","103,467","2,895",-,-,"46,972","317,424","29,832",416,-,"-672,642",,,,,,,"138,739",-,-,"5,555","14,487",-,-,"158,781",0.22,-,-,-,-,-,-,-,-,,34,-,-,"3,739","5,465",-,-,"9,238","458,775","458,775",-,-,-,-,-,,,,,,,,,,,,,"1,003","1,513","1,295,612,067","7,558","8,186","2,084,461,735"
90,SAHAM ASSURANCE,"150,000",-,-358,-,"-13,396",-,"136,246","53,376","1,066,476","1,121","40,424","1,297,643",-,"80,000","3,727","690,167",-,-,"63,954",-,-,"8,053",-,-,-,"8,417",-,"321,728","12,399","49,104",-,"60,093",-,"1,297,643",2016,"968,806","250,594","195,161",-,"148,707","146,912","2,776",-,136,"4,834","74,657","123,940",-,-,"1,058,591",,,,,,,"40,129",-,"148,514","60,668","1,283",-,-,"250,595",0.34,-,-,-,-,-,-,-,-,,"1,395",-,-,"54,038",-,-,-,"55,434","297,441","216,602","68,494",-,-,"12,345","80,839",,,,,,,,,,,,,512,"1,387","14,602,525,662","2,149","6,058","30,629,203,569"
91,SANLAM LIFE INSURANCE,"200,000","30,260",-,"2,814,648","-952,404",-,"2,092,504",-,"20,298,197","844,395","1,104,403","24,339,499",-,"2,244,500","138,418","12,269,864","530,478",-,"2,228,617",-,-,"3,272,765",-,-,-,"841,364","339,445","1,663,895","333,674","206,058",-,"65,497","204,924","24,339,499",2016,"19,495,443","4,669,645","4,457,568","-159,342","3,989,247","3,493,076","519,677",-,-,"530,863","809,330","2,703,424","216,058","629,942","20,298,148",,,,,,,"1,467,431","955,796","273,305","332,687","600,612",-,"1,039,814","4,669,643",6.35,-,-,-,-,-,-,-,-,,"29,551",-,-,"164,559","17,967",-,-,"212,075","20,298,198","20,298,198",-,"629,942",-,"-629,942",-,,,,,,,,,,,,,"13,332","64,244",-,"109,639","352,441","308,479,472,019"
92,TAKAFUL OF AFRICA INSURANCE,"150,000",-,-,"34,045",-,-,"184,045","1,488","36,919",-,"18,244","240,696",-,-,-,"54,528",-,-,"28,384",-,-,-,-,-,-,-,-,"91,036","26,156","32,471",-,"8,122",-,"240,696",2016,-,"52,657","41,220",-,"1,987",-,-,-,-,-19,"14,115","16,232",-,-,"43,356",,,,,,,-,-,-,"38,231","14,426",-,-,"52,657",0.07,-,-,-,-,-,-,-,-,,-,-,-,"8,304","3,133",-,-,"11,437","36,919","36,919",-,-,-,-,-,,,,,,,,,,,,,-,-,-,-,-,-
93,THE KENYAN ALLIANCE INSURANCE,"400,000",-,-,"6,000","12,468",-,"418,468","31,973","1,873,951","5,343","42,727","2,372,463","355,000",-,"2,145","342,998",-,-,"55,750",-,-,-,-,-,-,"10,851",-,"1,004,452","3,729","20,293",-,"577,246",-,"2,372,463",2016,"1,257,821","812,718","710,984",-,"190,467","161,940",43,-,223,121,"102,536","161,708",-,"-8,305","1,873,950",,,,,,,"14,504","388,223","220,160","186,926","1,528",-,"1,377","812,717",1.11,-,-,-,-,-,-,-,-,,-,-,-,"101,734",-,-,-,"101,734","1,971,641","1,873,942","79,883","-8,305",-,"26,121","97,699",,,,,,,,,,,,,618,"7,310",-,"2,015","8,647","35,120,584,989"
94,THE MONARCH INSURANCE,"154,976",-,-,"22,596",-,"151,510","329,082","61,051","141,567",-,"55,171","586,871",-,"312,982","23,629","43,333",-,"30,000",-,-,-,-,-,-,-,-,-,-,934,"80,266",-,"92,390","3,339","586,871",2016,"37,927","43,695","30,598",-,"4,191","23,571",-,-,-,"4,922","49,814","31,919",-,-,"22,135",,,,,,,"18,090",-,-,"25,605",-,-,-,"43,694",0.06,-,-,-,-,-,-,-,-,,38,-,-,"13,059",-,-,-,"13,096","137,383","137,383",-,-,-,-,-,,,,,,,,,,,,,345,345,"34,200,676","2,076","2,076","4,751,763,492"
95,UAP LIFE ASSURANCE COMPANY,"1,585,456",-,"27,534",-,"-340,309",-,"1,272,680","602,208","8,536,635",-,"406,780","10,818,304",-,"920,000","34,671","5,971,192",-,-,"961,135","103,426",-,"1,554,296","13,876",-,-,"30,971","50,424","350,261","69,642","483,614","43,486","231,310",-,"10,818,304",2016,"8,823,936","2,581,975","2,212,322",-,"1,708,590","690,926","955,686","1,086","146,524","67,842","559,618","859,825","34,087",-,"9,440,315",,,,,,,"399,601",-,"1,158,631","930,164",-,-,"93,579","2,581,975",3.51,-,-,-,-,-,-,-,-,,-,-,-,"369,653",-,-,-,"369,653","8,536,635","8,536,635",-,-,-,-,-,,,,,,,,,,,,,"1,759","115,902","591,333,883,389","11,233","125,065","1,216,891,984,451"
0,APA LIFE ASSURANCE COMPANY,550000.0,0.0,7413.0,23399.0,-134467.0,0.0,446345.0,198648.0,3901491.0,10028.0,126249.0,4682761.0,0.0,273000.0,13176.0,3276180.0,41017.0,0.0,92163.0,92953.0,0.0,191202.0,12887.0,0.0,0.0,20958.0,0.0,398038.0,21492.0,199905.0,25733.0,13690.0,10367.0,4682761.0,2017,3324588.0,1492952.0,944777.0,0.0,568996.0,510327.0,0.0,0.0,58669.0,30612.0,223025.0,428924.0,15585.0,13181.0,3846889.0,1841.0,79687.0,205544862.816,5375.0,229159.0,605970375.983,77213.0,28405.0,585374.0,707124.0,94466.0,0.0,370.0,1492952.0,1.802911719962314,0.0,0.0,0.0,0.0,0.0,0.0,0.0,0.0,,1114.0,0.0,0.0,528371.0,18690.0,0.0,0.0,548175.0,3931635.0,3622308.0,262718.0,13181.0,0.0,33427.0,309327.0,,,,,,,,,,,,,,,,,,
1,BARCLAYS LIFE,699000.0,0.0,2760.0,-519311.0,350408.0,0.0,532857.0,0.0,1580737.0,400000.0,289161.0,2802756.0,0.0,0.0,38820.0,1711198.0,0.0,0.0,0.0,0.0,0.0,0.0,0.0,0.0,0.0,0.0,0.0,194868.0,29744.0,190517.0,37141.0,600469.0,0.0,2802756.0,2017,-476998.0,1380330.0,878992.0,0.0,181840.0,544582.0,0.0,0.0,0.0,126459.0,346409.0,96146.0,0.0,0.0,-519310.0,29035.0,29003.0,0.0,41420.0,87083.0,21864170.802,205517.0,0.0,0.0,204501.0,970312.0,0.0,0.0,1380330.0,1.6669076664323972,0.0,0.0,0.0,0.0,0.0,0.0,0.0,0.0,,0.0,0.0,0.0,150254.0,351084.0,0.0,0.0,501338.0,1580737.0,1580737.0,0.0,0.0,0.0,0.0,0.0,,,,,,,,,,,,,,,,,,
2,BRITAM LIFE INSURANCE COMPANY,180000.0,0.0,0.0,0.0,0.0,8489961.0,8669961.0,811829.0,48199310.0,3424054.0,2071125.0,63176279.0,138720.0,4578915.0,365141.0,16199210.0,8349518.0,3000275.0,756346.0,0.0,0.0,8010794.0,143910.0,0.0,0.0,1076466.0,1178306.0,1849555.0,872866.0,354689.0,623864.0,14692273.0,985431.0,63176279.0,2017,48014484.0,18297485.0,17928517.0,0.0,7835088.0,7835088.0,681806.0,1075528.0,284522.0,1776008.0,2452864.0,4379675.0,143172.0,500500.0,55573188.0,29342.0,163817.0,133293829.23,132254.0,850159.0,1023667284.892,7432094.0,2038108.0,6596029.0,725755.0,931633.0,0.0,573866.0,18297485.0,22.09632335958198,0.0,0.0,0.0,0.0,0.0,0.0,0.0,0.0,,61927.0,0.0,0.0,157102.0,149939.0,0.0,0.0,368968.0,56689271.0,48199310.0,0.0,500500.0,0.0,7989461.0,8489961.0,,,,,,,,,,,,,,,,,,
3,CANNON ASSURANCE COMPANY,0.0,0.0,0.0,0.0,0.0,0.0,0.0,0.0,0.0,0.0,0.0,0.0,0.0,0.0,0.0,0.0,0.0,0.0,0.0,0.0,0.0,0.0,0.0,0.0,0.0,0.0,0.0,0.0,0.0,0.0,0.0,0.0,0.0,0.0,2017,834827.0,81846.0,81055.0,0.0,156752.0,156752.0,0.0,0.0,0.0,2615.0,120228.0,-11502.0,0.0,0.0,624785.0,1.0,1.0,265.0,3190.0,3190.0,1170269.776,82280.0,0.0,0.0,0.0,-434.0,0.0,0.0,81846.0,0.0988384841790195,0.0,0.0,0.0,0.0,0.0,0.0,0.0,0.0,,791.0,0.0,0.0,0.0,0.0,0.0,0.0,791.0,0.0,0.0,0.0,0.0,0.0,0.0,0.0,,,,,,,,,,,,,,,,,,
4,CAPEX LIFE ASSURANCE COMPANY,150000.0,0.0,778.0,32225.0,0.0,143219.0,326222.0,1006.0,282650.0,0.0,58480.0,668357.0,0.0,501500.0,5184.0,85600.0,0.0,0.0,0.0,0.0,0.0,2.0,0.0,0.0,0.0,0.0,0.0,38000.0,1783.0,1938.0,0.0,34350.0,0.0,668357.0,2017,119406.0,313340.0,295336.0,0.0,59223.0,57543.0,0.0,0.0,0.0,43055.0,82255.0,82986.0,0.0,0.0,314875.0,108.0,3540.0,5405302.871,262.0,5395.0,8340869.324,261151.0,0.0,0.0,52189.0,0.0,0.0,0.0,313340.0,0.3783941870421764,,,,,,,,,,0.0,0.0,0.0,18004.0,0.0,0.0,0.0,18004.0,282650.0,282650.0,0.0,0.0,0.0,0.0,0.0,,,,,,,,,,,,,,,,,,
5,CIC LIFE ASSURANCE COMPANY,800000.0,0.0,0.0,1102610.0,216178.0,-86912.0,2031876.0,346387.0,6900326.0,473809.0,532666.0,10285064.0,0.0,2160875.0,140986.0,3528143.0,598599.0,0.0,376394.0,0.0,0.0,640727.0,6420.0,0.0,0.0,305211.0,153612.0,789725.0,83756.0,572808.0,326564.0,594156.0,7087.0,10285064.0,2017,1034837.0,4895175.0,4077006.0,0.0,1497543.0,2049439.0,0.0,0.0,0.0,339994.0,1227511.0,483034.0,0.0,115000.0,1862933.0,131031.0,12559.0,3797270.866,327720.0,33798.0,10615344.499,916971.0,169106.0,760324.0,2500430.0,548344.0,0.0,0.0,4895175.0,5.911488365846001,0.0,0.0,0.0,0.0,0.0,0.0,0.0,0.0,,12563.0,0.0,0.0,146944.0,0.0,0.0,0.0,159507.0,4786411.0,4786411.0,0.0,115000.0,0.0,-115000.0,0.0,,,,,,,,,,,,,,,,,,
6,CORPORATE INSURANCE COMPANY,150000.0,0.0,0.0,152203.0,0.0,0.0,302203.0,10705.0,505664.0,0.0,100707.0,919280.0,0.0,370000.0,664.0,187244.0,0.0,0.0,0.0,0.0,0.0,1478.0,1151.0,0.0,0.0,63972.0,0.0,285734.0,6412.0,0.0,2623.0,0.0,0.0,919280.0,2017,630286.0,278949.0,277380.0,0.0,189631.0,189631.0,0.0,0.0,0.0,73492.0,64255.0,77578.0,0.0,0.0,657868.0,7353.0,7687.0,1479894.776,11734.0,11805.0,3081369.292,278415.0,0.0,0.0,534.0,0.0,0.0,0.0,278949.0,0.3368630882786368,0.0,0.0,0.0,0.0,0.0,0.0,0.0,0.0,,,,,,,,,,632867.0,480664.0,0.0,0.0,0.0,152203.0,152203.0,,,,,,,,,,,,,,,,,,
7,FIRST ASSURANCE COMPANY,150000.0,0.0,0.0,191243.0,0.0,0.0,341243.0,4857.0,13557.0,82776.0,47311.0,489745.0,0.0,78000.0,9.0,257397.0,0.0,0.0,0.0,0.0,0.0,0.0,0.0,0.0,0.0,0.0,0.0,61872.0,18230.0,60330.0,13908.0,0.0,0.0,489745.0,2017,0.0,168783.0,23203.0,0.0,12946.0,13758.0,0.0,0.0,0.0,-20070.0,19822.0,33780.0,0.0,0.0,43471.0,55.0,18074.0,33791890.692,205.0,36988.0,67929329.511,0.0,0.0,0.0,160354.0,8429.0,0.0,0.0,168783.0,0.20382493799559476,0.0,0.0,0.0,0.0,0.0,0.0,0.0,0.0,,1569.0,0.0,0.0,0.0,7515.0,0.0,0.0,9084.0,45260.0,13557.0,0.0,0.0,31703.0,0.0,31703.0,,,,,,,,,,,,,,,,,,
8,GA LIFE ASSURANCE COMPANY,200000.0,0.0,0.0,48944.0,39043.0,0.0,287987.0,892.0,5632985.0,20976.0,46957.0,5989797.0,0.0,1107574.0,574.0,4303353.0,0.0,0.0,180326.0,0.0,0.0,125384.0,0.0,0.0,0.0,2832.0,0.0,82484.0,93428.0,592.0,0.0,83374.0,9877.0,5989797.0,2017,3886804.0,1618442.0,1589638.0,0.0,329139.0,329439.0,0.0,0.0,0.0,1716.0,38139.0,625726.0,0.0,29966.0,5702906.0,2.0,1215.0,-49230.734,31.0,6957.0,4524584.729,0.0,0.0,1585354.0,28774.0,4314.0,0.0,0.0,1618442.0,1.9544553675397782,0.0,0.0,0.0,0.0,0.0,0.0,0.0,0.0,,0.0,0.0,0.0,138065.0,3755.0,0.0,0.0,141820.0,5732872.0,5119303.0,513683.0,29966.0,0.0,69920.0,613569.0,,,,,,,,,,,,,,,,,,
9,GEMINIA INSURANCE COMPANY,150000.0,0.0,0.0,143892.0,0.0,0.0,293892.0,65338.0,662213.0,0.0,55917.0,1077361.0,0.0,0.0,0.0,584800.0,0.0,0.0,1500.0,0.0,0.0,0.0,0.0,0.0,0.0,1801.0,0.0,411369.0,2132.0,29858.0,25018.0,20882.0,0.0,1077361.0,2017,705421.0,178136.0,115922.0,0.0,66077.0,0.0,0.0,0.0,0.0,4306.0,48420.0,105767.0,0.0,0.0,874383.0,1194.0,4785.0,10076943.203,1754.0,7678.0,13939044.801,45875.0,0.0,0.0,132261.0,0.0,0.0,0.0,178136.0,0.21511976416335338,0.0,0.0,0.0,0.0,0.0,0.0,0.0,0.0,,0.0,0.0,0.0,60835.0,0.0,0.0,0.0,60835.0,806105.0,662213.0,0.0,0.0,0.0,143892.0,143892.0,,,,,,,,,,,,,,,,,,
10,ICEA LIFE ASSURANCE COMPANY,450000.0,0.0,0.0,6866906.0,2326549.0,0.0,9643455.0,104731.0,58283479.0,1346859.0,439214.0,69817738.0,0.0,10276000.0,94985.0,46471881.0,0.0,826490.0,1429498.0,0.0,0.0,6162426.0,0.0,0.0,0.0,513451.0,493759.0,3099594.0,46740.0,0.0,28266.0,356417.0,18232.0,69817738.0,2017,48179611.0,13015715.0,12784384.0,0.0,6442982.0,1288278.0,4385229.0,0.0,932909.0,570324.0,997907.0,8216362.0,0.0,425920.0,60579790.0,8671.0,15327.0,23753557.328,73954.0,129183.0,124353574.127,2450693.0,3429295.0,6544852.0,307481.0,236243.0,0.0,47151.0,13015715.0,15.717976945802201,0.0,0.0,0.0,0.0,0.0,0.0,0.0,0.0,,62611.0,0.0,0.0,65841.0,102879.0,0.0,0.0,231331.0,17057762.0,17057762.0,0.0,425920.0,0.0,-425920.0,0.0,,,,,,,,,,,,,,,,,,
11,JUBILEE LIFE INSURANCE COMPANY,500000.0,0.0,30241.0,2185074.0,1404935.0,0.0,4120250.0,915268.0,57478513.0,63508.0,841481.0,63419020.0,0.0,4378402.0,54642.0,40823771.0,0.0,1861792.0,889689.0,0.0,0.0,6086763.0,2560392.0,0.0,0.0,758796.0,0.0,4733664.0,305971.0,482738.0,198361.0,261917.0,22122.0,63419020.0,2017,46409908.0,12643723.0,12142466.0,0.0,7164135.0,6799698.0,317789.0,0.0,0.0,898655.0,908257.0,8156415.0,44783.0,261092.0,57478515.0,16494.0,72585.0,920384510.445,66657.0,471138.0,2854926348.394,3001737.0,1779954.0,6681994.0,1031986.0,148052.0,0.0,0.0,12643723.0,15.268753704510974,0.0,0.0,0.0,0.0,0.0,0.0,0.0,0.0,,5484.0,0.0,0.0,474181.0,21592.0,0.0,0.0,501257.0,64661750.0,57478513.0,4737070.0,261092.0,0.0,2185074.0,7183236.0,,,,,,,,,,,,,,,,,,
12,KENINDIA ASSURANCE COMPANY,161388.0,0.0,51009.0,318516.0,22379.0,1222276.0,1775568.0,90451.0,28176350.0,34760.0,352198.0,30429328.0,1122662.0,1902289.0,18330.0,26482642.0,0.0,0.0,52780.0,115707.0,0.0,178015.0,153.0,0.0,0.0,91521.0,4813.0,195798.0,156814.0,2441.0,92107.0,0.0,13255.0,30429328.0,2017,25356274.0,4641315.0,4600092.0,0.0,3340252.0,3361581.0,0.0,0.0,0.0,135888.0,351187.0,3424150.0,0.0,132870.0,29398990.0,3893.0,5930.0,2576684.946,25418.0,36415.0,41921271.769,1235077.0,377252.0,2954607.0,74379.0,0.0,0.0,0.0,4641315.0,5.6049231385449,0.0,0.0,0.0,0.0,0.0,0.0,0.0,0.0,,4159.0,0.0,0.0,37064.0,0.0,0.0,0.0,41223.0,32391832.0,28176350.0,2859950.0,132870.0,1225839.0,-3177.0,4215482.0,,,,,,,,,,,,,,,,,,
13,KENYA ORIENT LIFE ASSURANCE,173000.0,0.0,0.0,50398.0,5625.0,0.0,229022.0,24697.0,468224.0,0.0,12933.0,734877.0,0.0,0.0,16253.0,350275.0,0.0,0.0,24125.0,61132.0,0.0,0.0,69514.0,0.0,0.0,9751.0,0.0,79004.0,13918.0,72081.0,17040.0,21565.0,219.0,734877.0,2017,365154.0,422987.0,383582.0,0.0,23936.0,17476.0,0.0,0.0,6460.0,20363.0,168891.0,5364.0,0.0,0.0,540911.0,1531.0,29389.0,19795551.342,3184.0,95209.0,55520051.859,51265.0,110205.0,61490.0,24273.0,175754.0,0.0,0.0,422987.0,0.5108055849697104,0.0,0.0,0.0,0.0,0.0,0.0,0.0,0.0,,104.0,0.0,0.0,10224.0,29077.0,0.0,0.0,39405.0,582614.0,464242.0,0.0,0.0,0.0,118372.0,118372.0,,,,,,,,,,,,,,,,,,
14,MADISON INSURANCE COMPANY,150000.0,0.0,0.0,1350550.0,62000.0,0.0,1562550.0,68181.0,8174270.0,473591.0,103089.0,10381681.0,0.0,4555394.0,59644.0,2583070.0,116215.0,0.0,133144.0,0.0,0.0,29410.0,2005683.0,0.0,0.0,110962.0,31459.0,200478.0,56390.0,45952.0,433967.0,0.0,19914.0,10381681.0,2017,9075650.0,2604247.0,2560286.0,0.0,1268161.0,1268161.0,0.0,0.0,0.0,182806.0,610718.0,376104.0,0.0,0.0,9950357.0,9816.0,10224.0,29041905.199,64048.0,85568.0,59722420.005,1033987.0,1098301.0,281722.0,60975.0,110272.0,0.0,18990.0,2604247.0,3.144928596483139,0.0,0.0,0.0,0.0,0.0,0.0,0.0,0.0,,0.0,0.0,0.0,43961.0,0.0,0.0,0.0,43961.0,8546837.0,8546837.0,0.0,0.0,0.0,0.0,0.0,,,,,,,,,,,,,,,,,,
15,METROPOLITAN CANNON INSURANCE,416726.0,491067.0,0.0,0.0,-1104935.0,710379.0,513237.0,233687.0,1564915.0,205063.0,216669.0,2733570.0,90000.0,755000.0,14924.0,1010511.0,0.0,0.0,64840.0,0.0,0.0,120939.0,2963.0,0.0,0.0,16230.0,76857.0,171467.0,58226.0,285907.0,0.0,60727.0,4978.0,2733570.0,2017,1356541.0,609958.0,529280.0,26214.0,323403.0,302395.0,21008.0,0.0,0.0,49863.0,219918.0,76433.0,0.0,-169632.0,1564914.0,131.0,22.0,19753559.24,2225.0,2000.0,189950675.84,20950.0,0.0,0.0,538922.0,30987.0,0.0,19099.0,609958.0,0.7365946305606429,0.0,0.0,0.0,0.0,0.0,0.0,0.0,0.0,,114.0,0.0,0.0,80564.0,0.0,0.0,0.0,80678.0,1141625.0,1141625.0,0.0,-169632.0,0.0,169632.0,0.0,,,,,,,,,,,,,,,,,,
16,OLD MUTUAL LIFE ASSURANCE,2174871.0,1884957.0,0.0,0.0,-2412947.0,0.0,1646880.0,464018.0,11702756.0,0.0,837945.0,14651599.0,0.0,2270000.0,71139.0,4989633.0,20904.0,0.0,597279.0,0.0,0.0,3762539.0,441004.0,0.0,0.0,252539.0,24344.0,1295279.0,250745.0,120222.0,297050.0,238930.0,19994.0,14651599.0,2017,10554248.0,1919636.0,1732093.0,477305.0,2012003.0,690256.0,1347353.0,0.0,978.0,198786.0,901721.0,1849261.0,58726.0,-287670.0,11702757.0,2572.0,2959.0,11125832.437,29606.0,94539.0,84034416.824,766625.0,0.0,0.0,281315.0,0.0,0.0,871696.0,1919636.0,2.3181818588016068,0.0,0.0,0.0,0.0,0.0,0.0,0.0,0.0,,64254.0,0.0,0.0,123289.0,0.0,0.0,0.0,187543.0,5225719.0,5225719.0,0.0,-287669.0,0.0,287669.0,0.0,,,,,,,,,,,,,,,,,,
17,PIONEER ASSURANCE COMPANY,150000.0,0.0,0.0,564755.0,259258.0,0.0,974013.0,739710.0,3081363.0,257531.0,236337.0,5288954.0,0.0,1241847.0,35702.0,285135.0,0.0,0.0,1000.0,0.0,0.0,23992.0,0.0,0.0,0.0,123111.0,0.0,684975.0,702926.0,1858708.0,191119.0,130808.0,9630.0,5288954.0,2017,2109509.0,5213923.0,4196951.0,0.0,2712418.0,2586474.0,48598.0,0.0,0.0,248851.0,465891.0,179524.0,0.0,56431.0,3079741.0,16317.0,119309.0,137717715.588,39763.0,1180629.0,2064508273.149,717432.0,21110.0,121136.0,3758026.0,487061.0,0.0,109158.0,5213923.0,6.296413336584878,0.0,0.0,0.0,0.0,0.0,0.0,0.0,0.0,,0.0,5.0,0.0,1016967.0,0.0,0.0,0.0,1016972.0,3577435.0,2770643.0,0.0,56431.0,0.0,750361.0,806793.0,,,,,,,,,,,,,,,,,,
18,PRUDENTIAL LIFE ASSURANCE,406185.0,1824014.0,0.0,0.0,-1523534.0,0.0,706665.0,78736.0,471245.0,0.0,120877.0,1377523.0,0.0,0.0,41964.0,1093221.0,0.0,0.0,0.0,0.0,0.0,0.0,0.0,0.0,0.0,19482.0,0.0,59757.0,31460.0,17544.0,2490.0,70681.0,40924.0,1377523.0,2017,442649.0,318189.0,265231.0,17495.0,152472.0,115211.0,0.0,0.0,0.0,64178.0,75089.0,94730.0,4434.0,0.0,561193.0,1841.0,21829.0,32000454.35,7181.0,27715.0,36831084.334,137920.0,0.0,0.0,30666.0,149603.0,0.0,0.0,318189.0,0.38424991377022744,0.0,0.0,0.0,0.0,0.0,0.0,0.0,0.0,,24.0,0.0,0.0,22070.0,30864.0,0.0,0.0,52958.0,471245.0,471245.0,0.0,0.0,0.0,0.0,0.0,,,,,,,,,,,,,,,,,,
19,SAHAM ASSURANCE,150000.0,0.0,2363.0,0.0,0.0,-14360.0,138002.0,0.0,1091826.0,0.0,39151.0,1268979.0,0.0,75000.0,2894.0,753059.0,0.0,0.0,66202.0,0.0,0.0,1865.0,0.0,0.0,0.0,8621.0,0.0,275353.0,47031.0,6885.0,0.0,32070.0,0.0,1268979.0,2017,1066476.0,221543.0,203365.0,0.0,210017.0,207315.0,1479.0,0.0,136.0,3869.0,68612.0,119115.0,15718.0,0.0,1091827.0,303.0,517.0,1246933.683,1944.0,2141.0,16360422.558,44016.0,0.0,157921.0,18044.0,1562.0,0.0,0.0,221543.0,0.26753872272893625,0.0,0.0,0.0,0.0,0.0,0.0,0.0,0.0,,4896.0,0.0,0.0,12905.0,377.0,0.0,0.0,18178.0,191473.0,191473.0,0.0,0.0,0.0,0.0,0.0,,,,,,,,,,,,,,,,,,
20,SANLAM LIFE INSURANCE,200000.0,30260.0,0.0,1173007.0,560253.0,0.0,1963521.0,0.0,20594688.0,747449.0,1469902.0,24775559.0,860000.0,2409000.0,126521.0,12190872.0,1734972.0,0.0,2596999.0,0.0,0.0,3400973.0,0.0,0.0,0.0,81640.0,190182.0,426463.0,205428.0,209064.0,0.0,158473.0,184974.0,24775559.0,2017,23112796.0,4738729.0,4339407.0,0.0,4614032.0,4616396.0,0.0,0.0,0.0,427465.0,877353.0,1733756.0,0.0,800362.0,22464383.0,0.0,0.0,0.0,92964.0,344079.0,0.0,1643646.0,502821.0,411797.0,673900.0,596289.0,0.0,910276.0,4738729.0,5.722561778158504,0.0,0.0,0.0,0.0,0.0,0.0,0.0,0.0,,27286.0,0.0,0.0,368167.0,3869.0,0.0,0.0,399322.0,20594688.0,20594688.0,0.0,800362.0,0.0,-800362.0,0.0,,,,,,,,,,,,,,,,,,
21,TAKAFUL OF AFRICA INSURANCE,150000.0,0.0,0.0,41155.0,0.0,0.0,191155.0,11465.0,52007.0,0.0,31948.0,286574.0,0.0,0.0,0.0,53071.0,0.0,0.0,28384.0,0.0,0.0,0.0,0.0,0.0,0.0,0.0,0.0,0.0,125369.0,40423.0,0.0,39327.0,0.0,286574.0,2017,0.0,58896.0,37482.0,0.0,1488.0,0.0,0.0,0.0,0.0,221.0,24409.0,14580.0,0.0,0.0,27431.0,1.0,0.0,0.0,10.0,0.0,0.0,0.0,0.0,0.0,35223.0,23673.0,0.0,0.0,58896.0,0.07112371238921307,0.0,0.0,0.0,0.0,0.0,0.0,0.0,0.0,,0.0,0.0,0.0,12807.0,8607.0,0.0,0.0,21414.0,52007.0,52007.0,0.0,0.0,0.0,0.0,0.0,,,,,,,,,,,,,,,,,,
22,THE KENYAN ALLIANCE INSURANCE,400000.0,0.0,107075.0,6000.0,40029.0,0.0,553104.0,36357.0,2307919.0,18049.0,113919.0,3029348.0,125000.0,704500.0,1661.0,312852.0,0.0,0.0,53036.0,0.0,0.0,0.0,0.0,0.0,0.0,6476.0,0.0,1421104.0,35203.0,79627.0,0.0,289890.0,0.0,3029348.0,2017,1873950.0,778597.0,654521.0,0.0,294736.0,285292.0,0.0,0.0,0.0,661.0,83002.0,188669.0,0.0,0.0,2348184.0,473.0,449.0,0.0,2344.0,2258.0,43710367.612,15247.0,265663.0,181585.0,311622.0,2468.0,0.0,2012.0,778597.0,0.9402456719489292,0.0,0.0,0.0,0.0,0.0,0.0,0.0,0.0,,0.0,0.0,0.0,124076.0,0.0,0.0,0.0,124076.0,1233064.0,1192409.0,0.0,0.0,0.0,40655.0,40655.0,,,,,,,,,,,,,,,,,,
23,THE MONARCH INSURANCE,154976.0,0.0,0.0,24489.0,0.0,151510.0,330975.0,78216.0,128957.0,0.0,66888.0,605036.0,0.0,344009.0,21156.0,48721.0,0.0,17283.0,0.0,0.0,0.0,0.0,0.0,0.0,0.0,0.0,0.0,0.0,586.0,99558.0,0.0,71018.0,2704.0,605036.0,2017,22135.0,46507.0,35811.0,0.0,9661.0,-9239.0,0.0,0.0,0.0,3546.0,53634.0,38847.0,17717.0,0.0,31133.0,163.0,745.0,1613323.88,1298.0,7249.0,3320949.986,22729.0,0.0,0.0,23778.0,0.0,0.0,0.0,46507.0,0.05616256608403172,0.0,0.0,0.0,0.0,0.0,0.0,0.0,0.0,,86.0,0.0,0.0,10610.0,0.0,0.0,0.0,10696.0,53240.0,53240.0,0.0,0.0,0.0,0.0,0.0,,,,,,,,,,,,,,,,,,
24,UAP LIFE ASSURANCE COMPANY,1585456.0,0.0,27534.0,0.0,129744.0,0.0,1742734.0,771252.0,7865998.0,55603.0,570463.0,11006051.0,0.0,930000.0,36185.0,5508592.0,0.0,0.0,822029.0,0.0,0.0,1823077.0,13876.0,0.0,0.0,15293.0,73303.0,945589.0,193188.0,595210.0,12820.0,36889.0,0.0,11006051.0,2017,9440315.0,2365623.0,1997191.0,0.0,2675547.0,2254265.0,166454.0,453.0,146873.0,68607.0,456789.0,1344228.0,0.0,0.0,9688292.0,1152.0,155934.0,106576061.787,11664.0,451789.0,768086372.767,547014.0,0.0,831052.0,711500.0,203838.0,0.0,72219.0,2365623.0,2.85676259632755,0.0,0.0,0.0,0.0,0.0,0.0,0.0,0.0,,0.0,0.0,0.0,368432.0,0.0,0.0,0.0,368432.0,7791106.0,7865998.0,0.0,0.0,0.0,-74893.0,-74893.0,,,,,,,,,,,,,,,,,,
25,TOTAL,11663942.0,4230298.0,1121012.0,19600825.0,-78123.0,10766130.0,47304081.0,5693390.0,291451528.0,8857867.0,11435615.0,364742486.0,2895478.0,41568005.0,1270382.0,190410956.0,10861225.0,5705840.0,9893069.0,269792.0,0.0,34302283.0,5454599.0,0.0,0.0,4669209.0,2649700.0,22220462.0,3617116.0,5956346.0,2581007.0,18604962.0,1812056.0,364742486.0,2017,258643812.0,82807826.0,76947788.0,521014.0,46594688.0,40001089.0,6969716.0,1075981.0,1430547.0,5448401.0,12072033.0,34634663.0,300135.0,1878020.0,301571353.0,268916.0,764037.0,1704548688.783,997964.0,4262338.0,8148572340.892001,21374928.0,9834902.0,29086157.0,12765171.0,5208397.0,0.0,4538271.0,82807826.0,100.00000000000001,0.0,0.0,0.0,0.0,0.0,0.0,0.0,0.0,,251436.0,5.0,0.0,4073199.0,850308.0,0.0,0.0,5174948.0,257864870.0,235834569.0,8373421.0,1878021.0,1257542.0,10521314.0,22030300.0,,,,,,,,,,,,,,,,,,
