,COMPANY,BUSINESS_IN_FORCE_NEW_NUMBER_OF_POLICIES,BUSINESS_IN_FORCE_NEW_SUM_INSURED,BUSINESS_IN_FORCE_NEW_PREMIUMS,BUSINESS_IN_FORCE_TOTAL_NUMBER_OF_POLICIES,BUSINESS_IN_FORCE_TOTAL_SUM_INSURED,BUSINESS_IN_FORCE_TOTAL_PREMIUMS,YEARS,GROSS_DIRECT_PREMIUM,INWARD_REINSURANCE,OUTWARD_REINSURANCE,NET_PREMIUM_WRITTEN,UPR_B/F,UNEXPIRED_RISK_RESERVE_(B/F),UPR_C/F,UNEXPIRED_RISK_RESERVE_(B/F).1,NET_EARNED_PREMIUM_INCOME,INCURRED_CLAIMS,NET_COMMISIONS,EXPENSE_OF_MANAGEMENT,UNDERWRITING_PROFIT/(LOSS),INVESTMENT_INCOME,PROFIT_TRANSFERRED_TO_P&L,NET_PAID_CLAIMS_AVIATION,NET_PAID_CLAIMS_ENGINEERING,NET_PAID_CLAIMS_FIRE_DOMESTIC,NET_PAID_CLAIMS_FIRE_INDUSTRIAL,NET_PAID_CLAIMS_LIABILITY,NET_PAID_CLAIMS_MARINE,NET_PAID_CLAIMS_MOTOR_PRIVATE,NET_PAID_CLAIMS_MOTOR_COMMERCIAL,NET_PAID_CLAIMS_MOTOR_COMMERCIAL_PSV,NET_PAID_CLAIMS_PERSONAL_ACCIDENT,NET_PAID_CLAIMS_THEFT,NET_PAID_CLAIMS_WORKMENS'_COMPENSATION,NET_PAID_CLAIMS_MEDICAL,NET_PAID_CLAIMS_MISCELLANEOUS,NET_PAID_CLAIMS_TOTAL,SHARE_CAPITAL,SHARE_PREMIUM,REVALUATION_RESERVES,STATUTORY_RESERVES,RETAINED_EARNINGS,OTHER_RESERVES,TOTAL_EQUITY,UNDERWRITING_PROVISIONS,ACTUARIAL_CONTRACT_LIABILITIES,LONGTERM_LIABILITIES,CURRENT_LIABILITIES,TOTAL_EQUITY_AND_LIABILITIES,LAND_AND_BUILDINGS,INVESTMENT_PROPERTY,OTHER_FIXED_ASSETS,GOVERNMENT_SECURITIES,OTHER_SECURITIES,INVESTMENT_IN_RELATED_COMPANIES,CORPORATE_BONDS,COMMERCIAL_PAPERS,DEBENTURES,ORDINARY_SHARES_QUOTED,ORDINARY_SHARES_UNQUOTED,PREFERENCE_SHARES_QUOTED,PREFERENCE_SHARES_UNQUOTED,LOANS_SECURED_&_UNSECURED,MORTGAGES,TERM_DEPOSITS,CASH_AND_CASH_BALANCES,OUTSTANDING_PREMIUMS,OTHER_RECEIVABLES,OTHER_ASSETS,INTANGIBLE_ASSETS,TOTAL_ASSETS,NET_EARNED_PREMIUM_AVIATION,NET_EARNED_PREMIUM_ENGINEERING,NET_EARNED_PREMIUM_FIRE_DOMESTIC,NET_EARNED_PREMIUM_FIRE_INDUSTRIAL,NET_EARNED_PREMIUM_LIABILITY,NET_EARNED_PREMIUM_MARINE,NET_EARNED_PREMIUM_MOTOR_PRIVATE,NET_EARNED_PREMIUM_MOTOR_COMMERCIAL,NET_EARNED_PREMIUM_MOTOR_COMMERCIAL_PSV,NET_EARNED_PREMIUM_PERSONAL_ACCIDENT,NET_EARNED_PREMIUM_THEFT,NET_EARNED_PREMIUM_WORKMENS'_COMPENSATION,NET_EARNED_PREMIUM_MEDICAL,NET_EARNED_PREMIUM_MISCELLANEOUS,NET_EARNED_PREMIUM_TOTAL,INCURRED_CLAIMS_AVIATION,INCURRED_CLAIMS_ENGINEERING,INCURRED_CLAIMS_FIRE_DOMESTIC,INCURRED_CLAIMS_FIRE_INDUSTRIAL,INCURRED_CLAIMS_LIABILITY,INCURRED_CLAIMS_MARINE,INCURRED_CLAIMS_MOTOR_PRIVATE,INCURRED_CLAIMS_MOTOR_COMMERCIAL,INCURRED_CLAIMS_MOTOR_COMMERCIAL_PSV,INCURRED_CLAIMS_PERSONAL_ACCIDENT,INCURRED_CLAIMS_THEFT,INCURRED_CLAIMS_WORKMENS'_COMPENSATION,INCURRED_CLAIMS_MEDICAL,INCURRED_CLAIMS_MISCELLANEOUS,INCURRED_CLAIMS_TOTAL,BUSINESS_IN_FORCE_NEW_SUMS_INSURED,BUSINESS_IN_FORCE_TOTAL_SUMS_INSURED,UNNAMED:_1
0,AAR INSURANCE KENYA LTD,,,,,,,2013,2619915,0,536163,2083752,386044,0,1074565,0,1395230,841299,159804,425449,-31321,93420,62099,,,,,,,,,,,,,,,,300000,1000,0,0.0,44501,0,345501,909657,0.0,0,543103,1798261,0,0,18320,277076,0,0,0,0,0.0,0,0,0.0,0.0,0,0,894526,61964,319234,211790,0,,1798261,0,0,164,0,57,0,0,0,0,6482,77,1170,1385600,1680,1395230,0,0,721,0,157,0,0,0,0,5454,291,1609,832362,705,841299,,,
1,AFRICAN MERCHANT ASSURANCE COMPANY LTD,,,,,,,2013,2190976,5666,495396,1701245,388995,0,479683,0,1610557,848537,94064,744853,-76897,221994,145097,,,,,,,,,,,,,,,,535000,0,0,0.0,318291,6443,859734,1202256,0.0,0,183866,2245856,0,442500,102033,217000,0,0,34775,0,0.0,11656,0,0.0,0.0,9011,0,726356,113884,484594,28168,74504,,2245856,0,7417,4780,112429,5978,3560,489906,450804,380538,47425,4667,65523,0,37530,1610557,0,3945,843,6273,2259,1861,313823,204664,274480,21931,5041,4610,0,8808,848538,,,
2,AIG INSURANCE COMPANY LTD,,,,,,,2013,3452088,52621,1456482,2048226,675181,0,786463,0,1936944,941274,89054,773307,133309,0,133309,,,,,,,,,,,,,,,,450000,0,-46468,0.0,954171,0,1357702,1361199,0.0,0,736317,3455219,0,175000,91646,1952161,0,0,0,0,0.0,15107,0,0.0,0.0,69773,0,418539,190380,417024,0,122819,,3455219,0,1027,67141,63123,158722,8202,443008,606602,0,424134,10132,153838,0,1014,1936943,70,1060,21060,29971,30279,5953,294369,406678,0,120256,15770,15935,0,-126,941275,,,
3,APA INSURANCE LTD,,,,,,,2013,6553965,0,1430502,5123463,2372897,0,2438698,0,5057662,3493908,538999,970651,54104,0,54104,,,,,,,,,,,,,,,,750000,0,54281,0.0,2283020,719610,3806911,6166683,0.0,6551,513057,10493201,120000,730000,63614,3399995,20144,392940,22969,134161,0.0,2327968,90109,0.0,0.0,180111,6723,1271632,147247,1214066,118738,0,,10493201,1549,67718,38725,164698,63725,197634,960893,1421922,0,97374,173552,489143,1127726,253002,5057661,-783,103008,38087,92478,46372,91394,884397,761995,0,162861,102452,348548,831081,32015,3493905,,,
4,BRITAM GENERAL INSURANCE,,,,,,,2013,3826506,0,667661,3158845,1111786,0,1368239,13459,2888933,1533873,289112,772439,293509,343738,637247,,,,,,,,,,,,,,,,700000,0,0,0.0,825170,757426,2282596,2125948,0.0,0,162564,4571108,5202,0,87464,1720292,0,175752,136074,0,0.0,622553,7241,0.0,0.0,0,0,349760,134456,564625,494240,102924,,4571108,0,24112,35717,39126,8217,49128,420397,571378,161158,241353,126329,121610,906352,184056,2888933,0,10637,13166,18211,115,9543,316455,242005,68257,63531,53658,43343,535451,159501,1533873,,,
5,CANNON ASSURANCE LTD,,,,,,,2013,995945,51416,311328,736033,321389,0,318147,0,739275,486815,63431,315399,-126370,318339,191969,,,,,,,,,,,,,,,,300000,0,0,0.0,857430,227222,1384652,1222626,0.0,0,211532,2818810,80000,917980,17989,384847,0,30000,33673,0,0.0,421015,313371,0.0,0.0,7617,38464,99943,8523,208792,148187,25684,,2818810,0,12769,10433,33425,-7471,26768,205404,252899,0,41825,34413,112488,0,16324,739277,0,6263,6655,6852,-8240,25011,144658,148234,0,8934,30661,53517,0,64268,486813,,,
6,CIC GENERAL INSURANCE LTD,,,,,,,2013,8023273,34909,743511,7314671,2706298,0,3699946,0,6321023,4113060,436151,1363267,408545,570513,979058,,,,,,,,,,,,,,,,900000,0,-1838,0.0,1877149,0,2775311,6826898,0.0,0,826313,10428522,158326,1260000,302460,1209845,0,0,41639,360711,0.0,223731,14367,0.0,0.0,252400,0,1821599,322914,3184964,868670,14350,,10428522,0,47561,73574,162834,71281,55232,1385127,2015262,0,163065,344618,175010,1772527,54932,6321023,0,34012,12311,47798,88539,10759,1123928,881903,0,85975,176764,55677,1585921,9473,4113060,,,
7,COPORATE INSURANCE COMPANY,,,,,,,2013,291360,43993,109184,226169,120747,0,120291,0,226625,77039,18517,121435,9633,109123,118756,,,,,,,,,,,,,,,,300000,0,0,0.0,385905,0,685905,314481,0.0,0,96210,1096596,0,565000,5459,106900,0,0,0,0,0.0,1913,736,0.0,0.0,2000,0,183138,13741,182308,0,32239,,1096596,0,3248,2195,6368,2420,1532,78690,46202,12419,10856,35359,20873,0,6463,226625,0,-205,2709,5811,-682,1316,48333,36986,-25082,735,2351,4430,0,336,77038,,,
8,DIRECTLINE ASSURANCE,,,,,,,2013,2224887,0,39470,2185417,494400,0,551559,0,2128258,1336524,210135,740385,-158786,304724,145938,,,,,,,,,,,,,,,,300000,0,0,0.0,447453,-75435,672018,3148694,0.0,0,78929,3899641,0,423000,54874,1080541,0,0,20998,191456,0.0,163833,0,0.0,0.0,152195,0,1022407,486962,51208,78186,88282,,3899641,0,0,0,0,0,0,12218,4909,2111130,0,0,0,0,0,2128257,0,0,0,0,0,0,0,0,1336524,0,0,0,0,0,1336524,,,
9,FIDELITY SHIELD INSURANCE COMPANY LTD,,,,,,,2013,1226045,14128,325347,914826,272252,0,353545,0,833534,484742,60541,241667,46584,0,46584,,,,,,,,,,,,,,,,300452,0,66388,0.0,537207,30045,934093,952600,0.0,17121,199644,2103458,228556,738744,20716,176433,0,0,0,0,0.0,100068,0,0.0,0.0,12709,33291,233468,29850,460028,10541,24345,34709,2103458,0,6409,13704,31138,7006,15141,235017,353138,12319,7651,17158,133180,0,1673,833534,0,854,5912,20628,-3952,10230,146403,212040,3651,6388,9771,72673,0,144,484742,,,
10,FIRST ASSURANCE COMPANY LTD,,,,,,,2013,3161040,81714,1231180,2011575,864637,0,816979,0,2059232,1515015,30732,353500,159984,0,159984,,,,,,,,,,,,,,,,450000,0,113269,0.0,827541,0,1390810,2361369,0.0,16664,658323,4427166,161500,698204,27809,419854,22180,52929,62769,0,0.0,63130,0,0.0,0.0,20415,0,1815927,43877,674275,6481,150114,207700,4427166,0,29435,29797,70658,39724,33600,479006,653338,0,30237,48195,169388,455213,20641,2059232,0,-444,11643,42042,43009,871,385835,438890,0,10178,41421,123223,411681,6665,1515014,,,
11,GA LIFE ASSURANCE LIMITED,,,,,,,2013,3038729,49963,1446597,1642095,655376,0,728519,0,1568951,1075776,-16702,401704,108173,475621,583794,,,,,,,,,,,,,,,,450000,0,328566,0.0,677157,169882,1625605,3159937,0.0,16634,828546,5630722,676600,1002986,37446,901147,0,308827,259670,0,0.0,228660,260698,0.0,0.0,284774,0,724967,79948,623927,4076,49237,187760,5630722,51,40146,36550,89202,30064,105373,199508,235884,58947,32507,191210,296061,125414,128033,1568950,11,26986,23409,20226,14787,34300,174731,300422,0,10696,152474,229142,88915,-322,1075777,,,
12,GATEWAY INSURANCE,,,,,,,2013,540968,0,77897,463072,96035,0,142965,0,416141,138864,35225,265725,-23672,195993,172321,,,,,,,,,,,,,,,,313225,135,228830,0.0,325362,0,867552,999430,0.0,0,100677,1967660,205000,975400,26447,169950,0,0,0,0,0.0,1078,57838,0.0,0.0,7654,0,268753,16068,159944,5664,66613,7251,1967660,0,1127,2892,3755,3343,2548,160999,74859,126674,2404,3419,8235,20157,5729,416141,0,622,28440,3329,111,-149,104363,4446,-22736,-4009,-3119,-103,18244,9423,138862,,,
13,GEMINIA INSURANCE COMPANY LTD,,,,,,,2013,1224689,26329,325535,925484,316722,0,414501,0,827704,378738,61443,205784,181739,150559,332298,,,,,,,,,,,,,,,,300000,0,326992,0.0,409368,132108,1168468,1273850,0.0,885,216750,2659952,20039,721000,32934,417500,35000,0,8500,0,0.0,170827,4928,0.0,0.0,5395,3259,781408,86124,132307,14773,225959,0,2659952,0,14108,22721,62399,9586,61613,166085,262373,0,14277,46931,157699,0,9913,827705,0,13597,9106,-4540,2021,24205,80484,227712,0,4533,5938,24058,0,-8376,378738,,,
14,HERITAGE INSURANCE COMPANY KENYA LTD,,,,,,,2013,3549062,0,1586182,1962880,789976,0,816445,0,1936410,710430,-2504,918076,310409,0,310409,,,,,,,,,,,,,,,,500000,0,0,0.0,1285450,0,1785450,1752521,0.0,0,257673,3795645,0,147000,91609,1396845,0,88369,147085,0,0.0,128640,132428,0.0,0.0,47927,331963,620373,86874,316190,256620,0,3722,3795645,0,26418,134813,117942,43496,60681,477511,320882,33031,259767,80818,208563,104221,68268,1936411,-88,6891,30745,-1647,9578,5600,247530,133834,11227,59112,15784,46881,126857,18127,710431,,,
15,ICEA LION GENERAL INSURANCE COMPANY LTD,,,,,,,2013,4516664,46851,1779678,2783837,957674,0,1218174,0,2523336,1221400,192003,737081,372853,0,372853,,,,,,,,,,,,,,,,600000,0,341840,0.0,2050556,0,2992396,3724987,0.0,426449,641868,7785700,0,2167500,79903,2537322,0,50147,291576,0,0.0,459199,0,0.0,0.0,25337,0,441276,100504,974666,104949,296759,256563,7785700,5178,30132,70900,144482,22459,115066,758387,608409,0,134759,148846,290907,188525,5287,2523337,14944,6736,14228,127351,10334,59251,461076,242892,0,23901,100486,73915,94952,-8667,1221399,,,
16,INTRA-AFRICA INSURANCE COMPANY LTD,,,,,,,2013,805214,9096,197879,616432,243071,0,286368,0,573135,385184,6660,199903,-18612,19853,1241,,,,,,,,,,,,,,,,300000,0,263772,0.0,137625,7500,708897,670677,0.0,0,36997,1416571,111175,251525,10446,221200,0,0,0,0,0.0,61636,0,0.0,0.0,9991,12733,185307,27175,406891,92224,22294,3975,1416571,0,16822,13969,32492,4659,38135,151606,151792,0,16112,28385,100947,0,18217,573136,0,10594,10071,30477,10430,55423,91205,107830,0,29495,20375,22972,0,-3688,385184,,,
17,INVESCO ASSURANCE COMPANY LTD,,,,,,,2013,1787720,0,40986,1746734,202064,0,371525,0,1577273,590190,161613,900312,-74843,0,-74843,,,,,,,,,,,,,,,,1680000,0,547,0.0,-1337199,0,343348,2095233,0.0,0,100147,2538728,80267,1074561,75962,190000,0,0,0,0,0.0,2620,0,0.0,0.0,0,0,290930,186403,0,152716,0,485269,2538728,0,235,469,-2134,194,-1183,129209,130283,1317870,1066,234,663,0,367,1577273,0,-624,3984,-947,3,942,116742,-24427,506319,-10280,-973,-519,0,-29,590191,,,
18,JUBILEE INSURANCE COMPANY,,,,,,,2013,7759282,904203,2408065,6255420,2328656,0,2582435,0,6001642,4078576,448357,902577,572131,783709,1355841,,,,,,,,,,,,,,,,1000000,0,397489,0.0,3374754,0,4772243,8358205,0.0,0,1888596,15019043,0,0,47410,2436189,0,1151147,270904,0,0.0,2078752,559442,573.0,0.0,0,0,904929,105057,3203988,612352,3430154,218148,15019043,2464,71050,60157,250136,69956,134139,1482581,461775,-6456,231754,99903,139520,2892052,112613,6001644,208,2982,11789,93536,2857,53510,844409,565046,-716,205340,7355,30603,2079892,181764,4078575,,,
19,KENINDIA ASSURANCE COMPANY LTD,,,,,,,2013,2736867,38714,1050387,1725194,854634,0,703121,0,1876707,1040481,164790,497713,173723,409092,582815,,,,,,,,,,,,,,,,400000,1198,16413,0.0,1172502,208260,1798373,1962732,0.0,0,1824557,5585662,524445,1221000,48212,819921,0,71005,0,0,0.0,66474,119149,0.0,0.0,1392,0,606927,147930,1466724,0,490320,2165,5585662,0,5872,25633,68091,11035,267002,330032,333759,140737,22422,129543,456905,77654,8023,1876708,0,10279,9687,77946,-45881,19860,195644,289254,0,16496,65868,303759,97130,438,1040480,,,
20,KENYA ORIENT INSURANCE COMPANY,,,,,,,2013,1435050,8732,155884,1287898,396843,0,436872,0,1247869,587261,100949,477310,82348,42411,124759,,,,,,,,,,,,,,,,309400,0,125159,0.0,176184,60000,670743,662590,0.0,484,163315,1497132,85176,413302,53676,162667,0,26685,5245,0,0.0,3382,204790,0.0,0.0,0,0,75646,3551,298537,54238,42793,67444,1497132,0,4939,10209,18834,10804,12888,569183,450168,82887,5773,14880,43394,0,23909,1247868,0,292,1665,5247,9278,1377,446465,103769,47586,1323,2158,12055,0,-43954,587261,,,
21,MADISON INSURANCE COMPANY LTD,,,,,,,2013,1007084,89327,297142,799269,224991,0,257314,0,766947,435094,63781,279500,-11428,82806,71378,,,,,,,,,,,,,,,,300000,0,0,0.0,381408,0,681408,507190,0.0,0,77913,1266511,0,175000,26287,82762,0,0,0,0,0.0,0,219252,0.0,0.0,0,0,111159,10032,537964,61677,3384,38993,1266511,0,4961,33736,5545,61486,3454,149117,310183,0,16912,9712,19204,118423,34212,766945,0,3434,737,-481,12411,68,128591,130903,0,-10033,5864,9400,147173,7027,435094,,,
22,MAYFAIR INSURANCE COMPANY LTD,,,,,,,2013,1455643,47643,673038,830248,319544,0,385324,0,764468,479718,39199,194745,50806,0,50806,,,,,,,,,,,,,,,,350000,0,284704,0.0,275513,0,910217,1309216,0.0,0,328123,2547556,170067,370816,71164,289292,0,194271,26770,0,0.0,199930,193319,0.0,0.0,4057,0,695250,20744,118972,0,189934,2970,2547556,-2783,25337,11365,15069,7245,44358,113541,292253,4262,5966,25356,202545,0,19955,764469,0,3327,10189,11996,3706,23039,143462,137293,0,3769,18971,120118,0,3847,479717,,,
23,MERCANTILE INSURANCE COMPANY,,,,,,,2013,846363,0,535931,310433,75436,0,103351,0,282518,172878,-1399,158094,-47055,56036,8982,,,,,,,,,,,,,,,,300000,0,94,0.0,139368,7500,446962,269807,0.0,0,19594,736363,0,0,19927,230637,0,0,102476,0,0.0,34609,0,0.0,0.0,0,0,219885,26181,57345,45302,0,0,736363,0,4932,8152,9282,1238,801,57501,53060,1595,2230,7429,16770,14888,104639,282517,0,2343,889,4110,-187,892,39541,25621,608,-31,10820,583,9969,77721,172879,,,
24,OCCIDENTAL INSURANCE COMPANY LTD,,,,,,,2013,1605137,19820,563190,1061767,401261,0,460287,0,1002740,647795,102121,187978,64845,138590,203435,,,,,,,,,,,,,,,,346500,0,17276,51975.0,323724,,739475,1065009,0.0,0,259107,2063591,0,400000,31449,642257,0,136326,22288,0,0.0,27006,100825,0.0,0.0,0,0,147668,30914,462241,40997,21620,0,2063591,0,11939,23473,55980,1448,66535,204622,316714,0,15895,62504,213910,0,29720,1002740,0,7608,21476,29457,-143,47271,149024,196337,1106,8190,51327,131245,0,4897,647795,,,
25,PACIS INSURANCE COMPANY LTD,,,,,,,2013,813692,0,152591,661101,241180,0,271966,0,630315,310411,63294,246429,10180,44936,55116,,,,,,,,,,,,,,,,300000,5712,0,0.0,373708,-25,679395,667396,0.0,179935,98795,1625521,75500,613059,44868,151570,0,0,0,0,0.0,650,0,0.0,0.0,0,0,35881,7978,403518,0,235613,56886,1625521,0,3322,10335,17642,8418,1492,265226,217419,0,21165,20177,47218,16770,1130,630314,0,2382,5035,1073,5885,517,202540,59966,0,3909,16642,13777,-1656,341,310411,,,
26,PHOENIX OF EAST AFRICA ASSURANCE COMPANY,,,,,,,2013,414802,47982,225075,237709,89597,0,109300,0,218006,103200,-3256,175171,-57109,0,-57109,,,,,,,,,,,,,,,,300000,0,852968,0.0,647918,0,1800886,196293,0.0,0,80257,2077436,0,0,3336,141000,0,163307,0,0,0.0,1298210,0,0.0,0.0,0,0,66159,12622,149288,1837,219811,21866,2077436,3385,11909,5548,19233,4996,10568,73877,38711,0,7148,13529,17680,0,11422,218006,782,338,975,1569,403,4059,51732,17537,0,8433,8444,8627,0,301,103200,,,
27,REAL INSURANCE COMPANY,,,,,,,2013,2489707,47722,812746,1724683,581258,0,767065,0,1538877,984205,75725,429559,49387,0,49387,,,,,,,,,,,,,,,,300000,0,14829,0.0,344938,55000,714767,1283804,0.0,2136,578749,2579456,0,0,42176,183121,0,342116,35000,0,0.0,65542,0,0.0,0.0,0,0,312437,14917,703923,621940,140266,118018,2579456,0,30227,33734,73071,21189,43379,490887,490325,0,76351,48137,79625,152001,-49,1538877,0,6079,12392,30576,-1176,5558,378724,308926,0,29430,24208,31985,157127,375,984204,,,
28,RESOLUTION INSURANCE COMPANY,,,,,,,2013,2045814,0,1243229,802585,0,0,442844,0,359741,289061,-453607,482539,41748,34444,76192,,,,,,,,,,,,,,,,300000,0,-5104,0.0,45411,0,340307,591443,0.0,0,505967,1437718,0,0,6267,135313,0,0,0,0,0.0,0,0,0.0,0.0,143547,0,309347,520991,108699,31831,55800,125924,1437718,0,0,0,0,0,0,0,0,0,2218,0,-2370,357261,2633,359742,0,0,0,0,0,0,0,0,0,500,0,100,288166,296,289062,,,
29,TAKAFUL INSURANCE OF AFRICA LTD,,,,,,,2013,476710,0,40461,436249,206652,0,211265,0,431636,143623,30517,302334,-44839,18844,-25995,,,,,,,,,,,,,,,,533366,0,0,0.0,-106087,0,427279,332476,0.0,0,86572,846327,0,0,37918,81704,0,50000,0,0,0.0,0,0,0.0,0.0,0,0,323157,115304,148768,0,63444,26033,846327,0,311,2325,9005,13710,181,107260,240681,0,-1618,37753,19198,0,2830,431636,0,-80,4721,-71,12706,1499,41408,67157,0,-10,8290,7882,0,121,143623,,,
30,TAUSI ASSURANCE COMPANY LTD,,,,,,,2013,799763,3438,279844,523357,202528,26416,222131,28856,501314,223651,40245,134621,102796,170838,273634,,,,,,,,,,,,,,,,502244,0,116257,0.0,176183,2503,797187,688480,0.0,42628,172022,1700318,225000,0,18693,574718,43337,0,0,0,0.0,98343,6172,0.0,0.0,7789,114110,393142,52715,40523,39395,80941,5440,1700318,0,6471,19093,24950,4709,68935,109156,73282,0,7195,57042,113437,5759,11285,501314,0,5200,12255,10392,635,6177,43741,49567,0,351,34585,54590,6639,-480,223652,,,
31,THE KENYAN ALLIANCE INSURANCE COMPANY LTD,,,,,,,2013,1166971,32077,110608,1088440,405519,0,520465,0,973495,419877,87229,413733,52656,878678,931334,,,,,,,,,,,,,,,,300000,0,76194,0.0,955596,129,1331919,1346419,0.0,0,136991,2815330,95000,1254849,37947,140000,0,0,10000,0,0.0,23040,0,0.0,0.0,19520,0,632153,14836,444621,31164,49887,62313,2815330,0,2260,29563,13716,3782,19772,458897,304315,0,71453,29086,40007,0,641,973492,0,-1474,2421,8267,-943,7532,275861,133773,0,-777,9226,-14153,0,142,419875,,,
32,THE MONARCH INSURANCE COMPANY LTD,,,,,,,2013,459805,9670,72234,397241,143744,0,212555,0,328430,117981,18529,191838,82,0,82,,,,,,,,,,,,,,,,316476,0,0,0.0,10403,0,326879,339005,0.0,0,27198,693083,0,230650,30809,66182,0,0,0,0,0.0,12303,59,0.0,0.0,0,0,28112,5944,172236,4274,110864,31649,693083,0,2958,1272,3024,3927,3151,141288,76502,25438,12003,2530,20756,0,35581,328430,0,-35,-822,894,450,-293,75579,38290,0,113,-2350,5424,0,730,117980,,,
33,TRIDENT INSURANCE COMPANY LTD,,,,,,,2013,748833,9985,299472,459346,222170,0,236584,0,444932,311029,-4449,188528,-50177,207853,157677,,,,,,,,,,,,,,,,500000,0,209311,25000.0,1246161,0,1980472,1345002,0.0,-6188,207464,3526750,235847,1340811,12392,299536,17922,550000,15000,0,0.0,6815,7985,0.0,0.0,509503,16145,0,57615,392919,55231,0,9030,3526750,0,3048,7026,10717,4637,24714,73127,113412,0,7305,10403,76032,0,114510,444931,0,2998,2058,7554,2890,34834,52962,68338,0,1923,13953,121965,0,1556,311031,,,
34,UAP INSURANCE COMPANY,,,,,,,2013,7470328,215703,1544230,6141801,2032156,0,2429421,0,5744536,3478606,488107,1096178,681645,935858,1617503,,,,,,,,,,,,,,,,600000,0,3049765,0.0,3178379,420000,7248144,4126213,0.0,0,1194641,12568998,2700,2945000,100190,1260164,0,0,137164,0,0.0,3894316,53760,0.0,0.0,1321312,195169,130781,139576,1496521,420441,274740,197165,12568998,0,43223,87583,220187,70718,72766,987765,1056129,0,88100,147107,242854,2712594,15512,5744538,0,32196,8845,77062,5915,18001,691811,473823,0,12432,137929,62843,1950348,7402,3478607,,,
35,XPLICO INSURANCE COMPANY LTD,,,,,,,2013,1004726,0,71964,932762,149094,0,300538,0,781318,174030,83874,360723,162690,28731,191421,,,,,,,,,,,,,,,,682500,0,14620,0.0,71835,0,768955,457359,0.0,0,104106,1330419,72250,0,108468,63000,103000,300262,0,0,0.0,0,0,0.0,0.0,11267,0,169390,150217,217550,0,130109,4906,1330419,-1583,517,558,1259,1994,12435,462327,207493,0,2222,5203,32480,0,56413,781318,0,-95,-402,8,-119,25,88378,78980,0,2992,1172,3875,0,-785,174029,,,
36,AAR INSURANCE KENYA LTD,144,18179700000,889122475.0,10227,3.41E+11,3566458494.0,2014,3566321,137,965840,2600619,1279110,0,1563220,0,2316509,1659095,165287,502774,-10647,140881,130234,,,,,,,,,,,,,,,,400000,600523,0,0.0,-505792,0,494730,1856618,0.0,0,377578,2728926,0,0,28666,332491,0,0,0,0,0.0,0,0,0.0,0.0,0,0,1256771,84551,891158,112413,0,22875,2728926,0,76,637,0,2479,-627,0,0,0,14983,981,9658,2290604,-2281,2316509,0,0,131,462,760,54,0,0,0,3677,72,552,1653313,75,1659095,,,
37,AFRICAN MERCHANT ASSURANCE COMPANY LTD,46339,76557702919,647079897.0,185534,3.11E+11,1845293994.0,2014,2554496,5087,538946,2020637,479683,0,564704,0,1935616,1047126,108669,799815,-19993,162647,142654,,,,,,,,,,,,,,,,550000,0,0,0.0,421637,9863,981500,1447987,0.0,10798,220865,2661151,49797,497500,98890,212000,0,0,27309,0,0.0,15076,0,0.0,0.0,14757,0,1011721,90638,524239,8428,106010,4786,2661151,0,-967,-159,71713,4729,1455,610007,562373,517961,58428,10281,47671,0,52125,1935616,0,-378,-3051,12405,2261,1661,365830,438109,219356,891,3915,13449,0,-7322,1047126,,,
38,AIG INSURANCE COMPANY LTD,106024,13371137046,2569750883.0,141954,16107615674,4027761026.0,2014,3905090,122569,1552705,2474954,716330,0,809509,0,2381775,1310136,91994,808878,170766,0,170766,,,,,,,,,,,,,,,,450000,0,-50861,0.0,1248865,200000,1848004,1569446,0.0,0,637678,4055129,0,600000,76657,2163262,0,0,0,0,0.0,10641,0,0.0,0.0,51396,0,347379,333668,364427,0,107699,0,4055129,-3,14567,63794,-154368,593110,357462,345539,531945,0,353339,196021,83100,0,-2732,2381775,120,29116,2786,24049,15761,2162,478424,532246,0,181623,14894,28956,0,-1,1310136,,,
39,APA INSURANCE LTD,48745,7.57E+11,4406459911.0,97970,1.63E+12,7803986163.0,2014,7723351,80635,2012257,5791729,2438698,0,2579612,0,5650816,3963568,497788,1150711,38749,0,38749,,,,,,,,,,,,,,,,750000,0,54281,0.0,2879214,1057190,4740685,6921164,0.0,0,726263,12388112,0,943000,96025,3332467,0,474225,19141,278626,0.0,2593973,57941,0.0,0.0,118183,12857,2022474,53411,1835602,157217,321417,71555,12388112,3520,48963,47945,135526,67430,181599,1118589,1716726,0,103839,179111,602408,1183915,261244,5650816,537,-403,6641,61610,66542,83754,1035650,925733,0,82364,114066,379624,1062346,145104,3963568,,,
40,BRITAM GENERAL INSURANCE,55010,1.76E+12,4681181144.0,64230,2.33E+12,4999993045.0,2014,5001066,0,755144,4245922,1368240,0,1852042,0,3762120,2263486,409907,1133785,-45058,384671,339613,,,,,,,,,,,,,,,,700000,0,0,0.0,1086744,251553,2038297,2982603,0.0,0,262611,5283511,0,0,134867,2029875,0,0,486592,0,0.0,201267,18705,0.0,0.0,0,0,735513,147416,908562,150607,124210,345898,5283511,0,33000,45374,63350,9252,45178,648334,795845,99080,420299,136352,188533,992735,284788,3762120,0,20145,8877,67600,-1182,11744,690516,425367,0,28660,64164,39900,657720,249977,2263486,,,
41,CANNON ASSURANCE LTD,8211,39146127762,468266962.0,29049,1.32E+11,1215392885.0,2014,1181405,33988,340327,875066,318147,0,380832,0,812381,475143,87720,319707,-70189,144953,74764,,,,,,,,,,,,,,,,300000,0,274154,0.0,148997,0,723150,1347607,0.0,0,243145,2313903,87500,260000,15061,379657,0,30000,35289,0,0.0,487099,251842,0.0,0.0,6753,53021,76364,32335,318411,180564,25615,74390,2313903,0,17721,10904,22143,8512,18448,234836,328784,3865,17509,36006,101721,0,11932,812381,0,23232,877,-3247,-2076,-1956,243100,26202,87765,25757,10681,55653,0,9154,475143,,,
42,CIC GENERAL INSURANCE LTD,47580,5.72E+12,2695620324.0,136372,1.85E+13,9552594000.0,2014,9507349,45246,819662,8732933,3699941,0,4051656,0,8381218,5805617,645669,1804800,125132,719644,844776,,,,,,,,,,,,,,,,1700000,0,-13128,0.0,2075499,25321,3787692,6660974,0.0,0,156512,10605178,200000,1320000,366076,1196066,413691,0,0,63385,0.0,279779,17667,0.0,0.0,344060,0,2486306,322324,2142328,966286,45668,441542,10605178,0,56869,89258,219425,80690,65019,1722130,2362981,0,167272,376554,192145,2965208,83667,8381218,0,29009,19331,81531,64896,22008,1258277,1176854,0,62379,91690,43898,2907105,48639,5805617,,,
43,COPORATE INSURANCE COMPANY,3340,41904547493,162904922.0,9990,95906623919,320337295.0,2014,330452,35245,59872,305825,120291,0,155536,0,270580,76843,23941,116290,53506,151532,205038,,,,,,,,,,,,,,,,300000,0,0,0.0,505560,0,805560,341993,0.0,0,132096,1279649,0,675000,4797,104400,1237,0,0,0,0.0,3779,0,0.0,0.0,2000,0,213046,11789,226017,0,24128,13456,1279649,0,13572,568,24819,9180,48196,70509,30473,16080,10884,29171,17761,0,-633,270580,1617,9450,18,-9663,-553,569,47741,10845,3949,10006,-8537,2866,0,8535,76843,,,
44,DIRECTLINE ASSURANCE,22095,,492619050.0,168231,,2375183793.0,2014,2375184,0,49731,2325453,551559,0,660403,0,2216609,1338000,219219,739337,-79947,0,-79947,,,,,,,,,,,,,,,,300000,0,16536,0.0,408992,0,725528,3538601,0.0,0,55476,4319606,0,294000,88268,915977,0,0,0,388929,0.0,221997,0,0.0,0.0,0,0,1484752,629864,0,0,173063,122755,4319606,0,0,0,0,0,0,30413,9217,2176978,0,0,0,0,0,2216609,0,0,0,0,0,0,18726,8012,1311262,0,0,0,0,0,1338000,,,
45,FIDELITY SHIELD INSURANCE COMPANY LTD,6461,88694908500,459300009.0,15264,1.88E+11,1493169883.0,2014,1476526,16639,381560,1111605,353545,0,422930,0,1042219,554695,81081,304635,101808,0,101808,,,,,,,,,,,,,,,,450000,0,80697,0.0,492459,45000,1068156,1084905,0.0,16616,230679,2400357,245589,795411,28699,195992,0,0,0,0,0.0,122079,0,0.0,0.0,9815,12875,332465,43470,519820,0,54236,39907,2400357,2,7200,19068,45870,5447,17357,299392,430048,15128,10247,21107,168283,0,3070,1042219,0,3105,3107,34814,7167,18080,174061,220369,11983,4083,17995,59420,0,512,554695,,,
46,FIRST ASSURANCE COMPANY LTD,3185,32340667784,742967260.0,9810,99071897715,1095971844.0,2014,3393489,61801,1207366,2247925,816979,0,1006451,0,2058453,1479612,87720,423394,67728,0,67728,,,,,,,,,,,,,,,,450000,0,132308,0.0,1156101,0,1738409,2329373,0.0,0,550177,4617959,180000,1435000,22261,417878,0,52929,76792,0,0.0,62011,0,0.0,0.0,25099,0,1434789,45107,700559,6882,129144,29506,4617959,0,29606,35583,108938,43675,39200,532469,660964,0,49544,59873,175048,314460,9094,2058453,0,34460,23006,50039,-5801,24071,388375,368250,0,8859,48188,113353,413687,13125,1479612,,,
47,GA LIFE ASSURANCE LIMITED,19103,6.46E+11,1204072308.0,41688,9.76E+11,3816784260.0,2014,3767837,48947,1779560,2037225,728519,0,888141,0,1877603,1230464,-43764,486215,204688,399174,603861,,,,,,,,,,,,,,,,450000,0,829766,0.0,890806,174251,2344823,3667534,0.0,0,1081006,7093363,1170000,1273290,33492,777845,0,308827,309350,0,0.0,256324,284921,0.0,0.0,292640,0,1087507,12218,779361,221555,40154,245877,7093363,1142,41875,45123,102103,41033,123186,255498,303551,54262,38482,218938,340367,188153,123891,1877603,324,17972,10645,54785,28268,60223,165673,266824,0,6922,144040,317633,154483,2673,1230464,,,
48,GATEWAY INSURANCE,43928,23188384257,414994084.0,57482,46491108073,729325890.0,2014,706228,23098,154975,574351,144034,0,170666,0,547719,252505,27190,339468,-71444,96894,25450,,,,,,,,,,,,,,,,313225,135,397465,0.0,299702,0,1010527,1072855,0.0,2624,164972,2250978,350000,1034000,24918,234500,0,0,15000,0,0.0,25755,84817,0.0,0.0,7650,0,124984,69231,207233,20487,46936,5468,2250978,0,1183,-426,446,11774,175,209148,78184,136570,1947,1584,12665,91767,2701,547719,0,108,831,907,2556,844,54074,94861,46753,-488,1863,927,48690,580,252505,,,
49,GEMINIA INSURANCE COMPANY LTD,5306,63673893055,496032337.0,16532,2.07E+11,1507039979.0,2014,1469191,37849,497454,1009586,414501,0,469964,0,954123,453030,49889,283342,167862,177299,345161,,,,,,,,,,,,,,,,300000,0,326992,0.0,552169,177938,1357099,1450177,0.0,969,258202,3066447,19762,721000,33615,459000,0,0,24300,0,0.0,192691,5826,0.0,0.0,15342,0,1057325,54468,182734,38478,260482,1423,3066447,0,13315,24518,35677,11071,72087,198476,335878,0,18243,53391,185780,0,5687,954123,0,-5269,8208,37933,-1426,18782,80656,192592,0,7216,41884,70728,974,753,453030,,,
50,HERITAGE INSURANCE COMPANY KENYA LTD,12861,2.59E+11,1723191818.0,33771,4.07E+11,4026551329.0,2014,4017815,8736,1711321,2315231,816445,0,1044662,0,2087014,831500,-25022,1079262,201274,513529,714802,,,,,,,,,,,,,,,,500000,0,0,0.0,1569588,0,2069588,2115387,0.0,0,863134,5048110,0,120000,112037,1263920,0,88369,263375,0,0.0,104018,0,0.0,0.0,80845,346681,1119423,252446,1115759,59850,85691,35697,5048110,-8193,22665,139653,63679,54885,49598,470890,369652,24995,316500,82591,223699,250566,25833,2087014,-66,1719,47719,9212,1855,16776,229931,165307,-5461,77987,17612,73365,169219,26325,831500,,,
51,ICEA LION GENERAL INSURANCE COMPANY LTD,18569,6.56E+11,1562384648.0,84022,4.30E+12,5254134901.0,2014,5176407,77728,2149130,3105005,1218174,0,1234991,0,3088188,1601538,314065,872074,300512,0,300512,,,,,,,,,,,,,,,,600000,0,451313,0.0,2233774,200000,3485087,3959945,0.0,479042,799503,8723577,0,2355000,179129,2955330,0,50147,282990,0,0.0,902456,7378,0.0,0.0,38994,0,250433,24273,1123467,13714,273153,267113,8723577,9091,24974,93431,193170,23178,148098,938137,878418,0,149669,164663,311066,147226,7066,3088188,316,37145,22916,99302,27229,25472,611408,469903,0,65269,73924,77068,97903,-6318,1601538,,,
52,INTRA-AFRICA INSURANCE COMPANY LTD,10452,73775411718,371862414.0,19786,1.40E+11,878734602.0,2014,874266,4469,168081,710654,286368,0,294634,0,702388,467269,41276,224514,-30672,18916,-11756,,,,,,,,,,,,,,,,300000,0,291872,0.0,137608,7500,736980,746059,0.0,0,30085,1513125,120800,270000,19087,230200,0,0,0,0,0.0,73047,0,0.0,0.0,9022,12733,197302,28762,433132,89002,24908,5130,1513125,0,15805,15839,34485,4550,80139,175365,170377,227,10283,41056,116215,0,38047,702388,0,9226,6758,34664,7534,25416,135693,131732,0,24042,33065,48480,0,10659,467269,,,
53,INVESCO ASSURANCE COMPANY LTD,46757,4992708473,514846102.0,317884,11037080318,2121097423.0,2014,2121097,0,49237,2071861,371525,0,398591,0,2044794,853637,201214,1018143,-28200,0,-28200,,,,,,,,,,,,,,,,1680000,0,1680,0.0,-1307019,0,374662,2646003,0.0,0,87567,3108232,78356,1178480,69546,182000,0,0,0,0,0.0,3753,0,0.0,0.0,0,0,245969,48756,282210,554138,0,465024,3108232,0,834,-1125,186,-4,1800,210407,139548,1688906,1921,207,1921,0,193,2044794,0,28,4369,-5178,-5,-1883,42442,45317,765463,111,-371,3117,0,228,853637,,,
54,JUBILEE INSURANCE COMPANY,14023,3.51E+11,2769155234.0,37944,1.14E+12,8221567000.0,2014,9233271,880568,2815210,7298629,2582435,0,2706218,0,7174846,4740566,527610,1145079,761591,971327,1732918,,,,,,,,,,,,,,,,2000000,0,821503,0.0,2635029,0,5456532,5459191,0.0,0,1478214,12393937,0,0,43965,2513031,0,1528928,137570,0,0.0,2599458,567415,0.0,0.0,16045,0,1074302,285106,2756342,517580,86655,267538,12393937,37417,88623,51091,348911,68918,181219,1611715,501263,0,329201,102339,160531,3616137,77480,7174846,0,33439,18005,57857,2528,49740,1195031,198026,0,490154,140391,67902,2410281,77211,4740566,,,
55,KENINDIA ASSURANCE COMPANY LTD,12611,2.13E+11,674868707.0,27881,7.69E+11,2645952563.0,2014,2606200,39752,1093833,1552120,703121,0,627509,0,1627732,1451505,121727,584711,-530211,257011,-273201,,,,,,,,,,,,,,,,400000,1198,47712,0.0,895324,236119,1580353,2280443,0.0,0,1969287,5830082,588712,1314880,68161,851492,0,81905,0,0,0.0,84529,122779,0.0,0.0,1169,0,647975,55865,495363,0,1515738,1515,5830082,0,12839,31486,102059,21967,181480,273743,378189,4023,17667,131722,394951,71400,6206,1627732,0,38060,19760,67112,5947,51260,198071,256673,0,82837,147005,515041,76192,-6452,1451505,,,
56,KENYA ORIENT INSURANCE COMPANY,45715,46485208210,994086424.0,80951,1.02E+11,1939666187.0,2014,1926115,13551,239559,1700107,702602,0,854820,0,1547889,742846,54695,558149,192200,45561,237761,,,,,,,,,,,,,,,,810721,0,390712,0.0,71569,50000,1323002,1091622,0.0,4177,328706,2747508,82491,413302,53607,174580,0,26685,5247,0,0.0,4395,1058431,0.0,0.0,0,0,116725,101969,358898,128809,72709,149660,2747508,0,8364,12335,23642,15166,16500,698602,650824,14024,8627,30035,52516,0,17253,1547889,0,990,1496,3459,5153,5440,459419,248009,0,771,9717,9227,0,-836,742846,,,
57,MADISON INSURANCE COMPANY LTD,20425,61254213445,833866673.0,38199,98113461350,1518721617.0,2014,1445764,72958,365191,1153530,257314,0,480218,0,930626,558301,83381,398628,-109684,122438,12754,,,,,,,,,,,,,,,,300000,0,0,0.0,415557,0,715557,755376,0.0,0,97750,1568683,0,192000,52492,110403,0,0,0,0,0.0,0,317169,0.0,0.0,0,0,253940,14786,429163,102628,24780,71323,1568683,0,9776,2338,5856,62547,3978,205012,347812,0,18184,15766,20643,157650,81064,930626,0,4419,2816,19112,26503,715,175949,97177,0,17883,7102,14710,159117,32798,558301,,,
58,MAYFAIR INSURANCE COMPANY LTD,7890,1.64E+11,605384979.0,12409,7.93E+11,1221290695.0,2014,1713163,41114,849196,905080,385324,0,360641,0,929764,469175,12840,259559,188190,0,188190,,,,,,,,,,,,,,,,350000,0,326374,0.0,513214,0,1189588,1488211,0.0,0,468784,3146583,178571,389357,77462,334893,0,263033,112164,0,0.0,266971,426075,0.0,0.0,15449,0,676560,24324,234610,0,145224,1891,3146583,8,24513,15345,19583,10795,65345,212116,244500,0,7082,33588,280582,0,16306,929764,0,18035,7113,23158,702,22339,124990,182945,0,3042,12614,68165,0,6073,469175,,,
59,OCCIDENTAL INSURANCE COMPANY LTD,5544,91646529531,470067690.0,15892,3.00E+11,1798046114.0,2014,1828275,14248,616387,1226136,460287,0,510132,0,1176292,752628,111839,210299,101527,210384,311911,,,,,,,,,,,,,,,,346500,0,18214,0.0,487724,45045,897483,1235472,0.0,0,289074,2422028,0,440000,27175,640758,0,0,18574,0,0.0,128307,100825,0.0,0.0,0,0,394707,76573,531144,46107,17858,0,2422028,0,14095,35820,32112,1559,81163,257756,363187,0,14434,60248,293838,0,22080,1176292,0,12809,30196,28331,1253,34751,182230,243699,-3722,5872,31822,182327,0,3059,752628,,,
60,PACIS INSURANCE COMPANY LTD,6901,35338064184,376621197.0,23618,1.76E+11,984557531.0,2014,984558,0,187207,797350,271966,0,337253,0,732063,259292,83986,328250,60535,59367,119902,,,,,,,,,,,,,,,,300000,4043,0,0.0,472984,-45,776982,742354,0.0,54874,85603,1659813,88060,672000,60436,151570,0,0,0,0,0.0,3979,0,0.0,0.0,0,0,68215,25254,450247,0,74191,65861,1659813,0,3405,11961,16212,10796,1534,269123,282112,0,25076,23962,61388,24775,1719,732063,0,2378,387,4969,3148,76,169517,56261,0,1619,1028,5085,14874,-48,259292,,,
61,PHOENIX OF EAST AFRICA ASSURANCE COMPANY,2496,40096642389,250709361.0,4220,75531180789,457487364.0,2014,420591,36897,254978,202510,109332,0,106246,0,205596,171924,-42,213356,-179641,0,-179641,,,,,,,,,,,,,,,,300000,0,219244,0.0,1122005,0,1641250,238300,0.0,0,168893,2048443,0,0,16569,138500,0,143807,0,0,0.0,362374,0,0.0,0.0,7742,0,955009,28966,131937,2486,240344,20709,2048443,4523,2939,5405,12794,11278,13619,62687,35516,0,8657,15996,28297,0,3884,205596,378,4815,2859,3466,1082,5213,64079,40367,0,5012,7985,37254,0,-586,171924,,,
62,REAL INSURANCE COMPANY,23757,3.27E+11,1521357971.0,44564,7.25E+11,3222456444.0,2014,3187383,35073,1186087,2036369,767065,0,912027,0,1891407,1117723,127528,704790,-58634,0,-58634,,,,,,,,,,,,,,,,550000,0,0,0.0,34916,0,584916,1934998,0.0,581,647965,3168460,0,0,20350,254561,0,215588,35000,0,0.0,421622,0,0.0,0.0,0,0,1065023,147029,826313,45500,76806,60667,3168460,0,25742,32143,59439,18173,40573,544470,681233,0,83927,44209,80286,279596,1616,1891407,0,21669,5512,13201,3618,10221,394450,353559,0,38492,30711,38559,207058,672,1117723,,,
63,RESOLUTION INSURANCE COMPANY,766,736695690,,1554,2526307207,,2014,2526882,0,1509347,1017535,442844,0,478487,0,981892,640297,-70791,603806,-191420,53416,-138004,,,,,,,,,,,,,,,,330000,270000,4496,0.0,-54908,0,549588,1791549,0.0,0,156795,2497932,0,0,121729,145859,0,0,0,0,0.0,0,0,0.0,0.0,13624,0,413100,493695,1075371,36611,48376,149567,2497932,0,0,0,0,0,0,0,0,0,13014,0,22978,945900,0,981892,0,0,0,0,0,0,0,0,0,0,0,0,640297,0,640297,,,
64,SAHAM INSURANCE COMPANY LTD,1079,53446854183,98365347.0,2010,59239285747,246355524.0,2014,1040344,0,650457,389887,103263,0,145273,0,347877,150289,-9054,250746,-44104,65458,21354,,,,,,,,,,,,,,,,300000,0,2746,0.0,140189,9000,451935,258189,0.0,0,120726,830850,0,0,16837,246356,0,0,88402,0,0.0,43616,0,0.0,0.0,3793,0,312846,52539,45782,0,20678,0,830850,0,10450,3404,6232,2242,1301,82402,82706,-7337,1574,8808,25876,21973,108245,347877,0,895,9307,2457,2261,-38,47805,20137,4275,-1304,3537,8393,16195,36369,150289,,,
65,TAKAFUL INSURANCE OF AFRICA LTD,8042,26525312764,524308091.0,8947,49563278639,573334688.0,2014,677819,0,56096,621723,211265,0,290460,0,542528,281032,61056,265722,-65282,44795,-20487,,,,,,,,,,,,,,,,450203,30000,0,0.0,-142426,146400,484177,495094,0.0,0,141322,1120594,0,0,28946,31969,55000,0,0,0,0.0,0,0,0.0,0.0,0,0,344107,111592,334067,0,158819,56093,1120594,0,-15966,10391,37607,1809,-1594,-112,393486,-234,-21030,91792,41513,0,4866,542528,0,5089,-4206,9241,2701,1183,76280,142809,0,1766,18916,10596,0,16655,281032,,,
66,TAUSI ASSURANCE COMPANY LTD,8582,55514632629,203816764.0,16108,1.64E+11,833684915.0,2014,803499,8556,288035,524020,222131,0,192554,0,553597,287965,57263,172861,35509,0,35509,,,,,,,,,,,,,,,,502244,0,114158,0.0,262268,1731,880401,716894,0.0,38219,62410,1697924,220945,0,22139,583346,36126,0,0,0,0.0,157485,7116,0.0,0.0,8819,90723,333120,44801,57416,43691,90442,1756,1697924,0,4652,19751,22259,6797,71956,130214,80852,3414,8179,57283,129971,6917,11353,553597,0,4617,14584,5729,10744,34612,56868,45618,0,83,35405,74139,5488,79,287965,,,
67,THE KENYAN ALLIANCE INSURANCE COMPANY LTD,10896,45521955066,506844370.0,30375,1.51E+11,1304137202.0,2014,1282324,21813,157232,1146905,520535,0,532895,0,1134545,572498,110973,478426,-27351,203086,175734,,,,,,,,,,,,,,,,300000,0,72384,0.0,1047171,20281,1439836,1390069,0.0,49978,183410,3063293,93013,1389849,48795,150000,0,0,25650,0,0.0,44259,0,0.0,0.0,16739,0,488072,44419,546599,69436,81089,65373,3063293,0,-6845,31598,5758,4644,16249,543016,390119,0,67019,33912,48203,0,871,1134545,0,3160,3547,-26511,-17100,-849,624040,-77689,0,7644,18179,39368,0,-1291,572498,,,
68,THE MONARCH INSURANCE COMPANY LTD,32545,23801256452,418028427.0,45596,64021370696,607228249.0,2014,586256,20972,53351,553877,212555,0,258531,0,507902,138330,28627,241389,99555,0,99555,,,,,,,,,,,,,,,,316476,0,0,0.0,53074,50000,419550,411301,0.0,0,55882,886734,0,275775,3110,101343,0,0,0,0,0.0,6804,59,0.0,0.0,0,0,43303,12521,296335,3980,104123,39380,886734,0,4812,1696,10456,5559,12816,224371,149914,0,26575,3667,31334,0,36703,507902,0,808,441,208,2175,445,86603,42870,0,979,742,2278,0,783,138330,,,
69,TRIDENT INSURANCE COMPANY LTD,17511,2.42E+12,468964982.0,37220,2.61E+12,1012870880.0,2014,987606,25265,333995,678875,236584,0,435452,0,480008,288292,-25526,170220,47022,0,47022,,,,,,,,,,,,,,,,500000,0,205130,0.0,1392751,25000,2122881,1609721,0.0,-5270,184633,3911965,231034,1345399,16584,289450,19562,0,27500,0,0.0,8048,7985,0.0,0.0,1251207,0,25000,12000,626122,40330,2225,9520,3911965,115,4643,6023,16578,1784,21318,133306,181444,1486,5784,8233,80716,0,18578,480008,0,3885,3632,7831,3247,7476,115403,113930,11,3479,4556,26020,0,-1177,288292,,,
70,UAP INSURANCE COMPANY,137973,5.64E+11,2360094595.0,182838,3.07E+12,7532999176.0,2014,7392124,140876,1527496,6005503,2429421,0,2371976,0,6062948,4100385,427124,1232280,303159,0,303159,,,,,,,,,,,,,,,,600000,0,2214103,0.0,5000603,1000000,8814706,4704132,0.0,0,1183369,14702207,2700,3450000,86048,1926009,0,0,468141,207761,0.0,3414252,54404,0.0,0.0,1479292,218149,248818,382229,1526091,634733,391636,211943,14702207,0,52514,92653,209193,79751,65285,1072996,1070037,0,69031,146219,249031,2926744,29495,6062948,0,1626,1956,12020,48277,27266,832806,775691,0,39231,78774,202267,2079122,1350,4100385,,,
71,XPLICO INSURANCE COMPANY LTD,301264,74779447325,1155383494.0,338614,94555013599,1461251045.0,2014,1386545,20572,159290,1247827,300538,0,401991,0,1146374,291384,116797,792522,-54329,0,-54329,,,,,,,,,,,,,,,,407500,0,19670,0.0,55615,0,482785,615106,0.0,0,163947,1261838,77300,0,123548,90000,103000,25251,0,0,0.0,0,0,0.0,0.0,983,0,334281,28229,263260,131887,74702,9397,1261838,-21271,7007,948,5780,14426,27508,675990,301780,0,38820,10476,54216,-1126,31820,1146374,2689,1320,9290,18327,199,8642,133801,66139,0,10050,20427,18985,0,1514,291384,,,
72,AAR INSURANCE KENYA LTD,3189,44627876000,707233256.0,13726,2.89E+11,4368037664.0,2015,4368038,0,457969,3910069,1563220,0,1834684,0,3638604,2458717,292279,664742,"222,867",187860,410727,,,,,,,,,,,,,,,,400000,600523,0,0.0,-220600,0,779923,2083398,0.0,0,252190,3115511,0,0,47991,605408,0,0,108977,0,0.0,0,0,0.0,0.0,0,0,1090143,15096,1088122,110719,0,49054,3115511,0,0,4411,0,1941,699,0,0,0,21343,809,33633,3569516,6251,3638604,0,0,-452,0,-441,-54,0,0,0,-1086,-198,-1226,2461586,589,2458717,,,
73,AFRICAN MERCHANT ASSURANCE COMPANY LTD,66180,1.53E+11,1607539326.0,242086,1.01E+12,3307211595.0,2015,3291557,15654,683353,2623859,564704,0,909325,0,2279238,1306581,148584,833251,"-9,178",186165,176987,,,,,,,,,,,,,,,,857500,0,0,0.0,561094,12502,1431096,1954713,0.0,0,251462,3637271,49797,510000,88893,368711,0,0,21843,0,0.0,17714,0,0.0,0.0,18279,0,1377416,167753,871906,4589,121373,18996,3637271,0,96012,-1067,72310,8459,-2075,678281,632539,423674,152235,13639,119005,0,86225,2279238,0,1337,-24,12631,5532,198,455317,290166,440358,54520,8710,30810,0,7025,1306581,,,
74,AIG INSURANCE COMPANY LTD,31953,9547293852,1714014979.0,61180,16758940339,3969308974.0,2015,3827049,103879,1546552,2384377,879690,0,890118,0,2373948,1480529,122727,721734,"48,958",0,48958,,,,,,,,,,,,,,,,450000,0,-70987,0.0,1262928,200000,1841941,1748368,0.0,0,584398,4174707,0,600000,75868,2424458,0,0,0,0,0.0,0,0,0.0,0.0,29023,0,956,119241,594446,0,330716,0,4174707,-1178,54378,111847,71124,298794,-5423,820731,541665,0,450810,201,30878,0,123,2373948,-2907,-26885,71867,37684,80519,9250,724913,372452,0,146987,27036,-7134,0,46747,1480529,,,
75,ALLIANZ INSURANCE COMPANY OF KENYA,0,0,0.0,0,0,0.0,2015,0,0,0,0,0,0,0,0,0,0,0,16107,"-16,107",64713,48607,,,,,,,,,,,,,,,,1000000,0,0,0.0,36369,0,1036369,0,0.0,0,23161,1059530,0,0,707,50345,0,0,0,0,0.0,0,0,0.0,0.0,0,0,874217,91968,0,0,42292,0,1059530,0,0,0,0,0,0,0,0,0,0,0,0,0,0,0,0,0,0,0,0,0,0,0,0,0,0,0,0,0,0,,,
76,APA INSURANCE LTD,42601,4.70E+11,5220923139.0,108199,1.59E+12,9242277835.0,2015,9242367,0,2249247,6993120,2579612,0,3204141,0,6368591,4386338,519491,1384270,"78,491",0,78491,,,,,,,,,,,,,,,,1250000,0,0,0.0,3068460,565428,4883888,8088791,0.0,0,704315,13676994,0,1160000,95236,4449241,0,573974,15313,284688,0.0,2090961,52027,0.0,0.0,67024,27578,2048194,32480,2176721,119217,173081,311258,13676994,3015,45059,51196,146931,54707,168112,1346905,1914314,0,97484,157530,659377,1486087,237874,6368591,-110,62965,27994,118151,109063,73466,1253314,1130238,0,19808,22695,362979,1181732,24043,4386338,,,
77,BRITAM GENERAL INSURANCE,64040,2.98E+11,2736793997.0,136013,1.02E+12,8120127000.0,2015,8120126,0,1095534,7024593,2764069,100884,3040464,148841,6700241,4512033,715827,2200649,"-728,268",458730,-269538,,,,,,,,,,,,,,,,2668000,0,0,0.0,-175124,0,2492876,6163832,0.0,0,634214,9290923,22375,0,177004,4511434,0,215588,517886,0,0.0,515482,20594,0.0,0.0,0,0,1088429,321882,335216,789520,203435,572077,9290923,0,69740,96671,185909,35690,109698,1462854,1885146,0,459875,173373,187792,1515702,517789,6700241,0,7358,22747,173722,9358,81646,1443013,1044097,0,87082,45524,124098,1025754,447633,4512033,,,
78,CANNON ASSURANCE LTD,6839,61922468635,572968420.0,29373,1.70E+11,1149117008.0,2015,1123821,25296,275139,873978,380832,0,348114,58665,848030,509164,98569,366676,"-126,379",0,-126379,,,,,,,,,,,,,,,,300000,0,319102,0.0,159355,-7685,770772,1291989,0.0,0,266019,2328780,102500,266000,28003,360480,0,30000,32474,0,0.0,498308,303423,0.0,0.0,11077,34489,60636,30196,290651,181783,35414,63348,2328780,0,3117,10386,19599,7978,16650,442283,322248,-130326,22014,69272,60523,0,4285,848030,0,24744,11067,20547,-2430,22846,195946,125011,0,11974,13471,86137,0,-149,509164,,,
79,CIC GENERAL INSURANCE LTD,51043,3.02E+11,3274777825.0,150327,8.23E+12,7921703265.0,2015,7863424,58280,1225892,6695811,4051656,0,2827370,0,7920097,5384565,618747,1795390,"121,395",695364,816759,,,,,,,,,,,,,,,,1700000,0,0,0.0,2561577,-77887,4183690,6085489,0.0,0,528874,10798053,220000,1440000,324415,1272494,315165,0,0,180631,0.0,440770,19125,0.0,0.0,364811,0,2243630,348440,2815871,232909,130811,448981,10798053,0,67285,95860,263038,80953,104689,1775314,2466869,0,169273,384128,215457,2177984,119246,7920097,0,66981,34810,73918,43027,2663,1550040,1277891,0,42430,64836,60331,2127750,39888,5384565,,,
80,COPORATE INSURANCE COMPANY,2460,24032190405,152929162.0,11755,87615191407,385411499.0,2015,383373,2038,74706,310705,155536,0,115724,0,350517,79233,34025,163710,"73,548",146848,220396,,,,,,,,,,,,,,,,400000,0,0,0.0,504342,40000,944342,280326,0.0,0,190070,1414738,0,780000,4336,169900,0,0,0,0,0.0,1628,1524,0.0,0.0,2000,0,167805,0,249812,8570,21883,7279,1414738,0,9432,1640,13004,1221,243,109334,107085,0,12019,72230,23840,0,471,350517,5280,4177,78,3181,100,46,45928,37666,0,-28317,6501,3014,0,1579,79233,,,
81,DIRECTLINE ASSURANCE,15196,3955890000,1175216030.0,36093,3955890000,1324362403.0,2015,2770706,0,54821,2715885,660396,0,791135,0,2585145,1749444,254188,874044,"-292,531",0,-292531,,,,,,,,,,,,,,,,300000,0,-36517,0.0,586047,0,849530,3744262,0.0,450000,94176,5137968,0,1185400,103035,1010633,0,0,0,0,0.0,226532,0,0.0,0.0,16466,0,1437365,660433,0,0,395963,102142,5137968,0,0,0,0,0,0,21725,6887,2556533,0,0,0,0,0,2585145,0,0,0,0,0,0,9832,1382,1738231,0,0,0,0,0,1749444,,,
82,FIDELITY SHIELD INSURANCE COMPANY LTD,9457,2.79E+11,296119895.0,24397,1.25E+12,1822722679.0,2015,1793796,28926,457492,1365231,422930,0,493386,0,1294775,898730,110927,377568,"-92,450",0,-92450,,,,,,,,,,,,,,,,450000,0,97920,0.0,550963,0,1098883,1357897,0.0,288310,142864,2887954,266805,1275795,44603,233628,0,0,0,0,0.0,110110,0,0.0,0.0,8465,25462,181873,55667,548222,0,92224,45101,2887954,8,9048,19949,73930,7437,27647,394571,503409,14357,9306,29492,201131,0,4490,1294775,0,4981,12883,114751,-18772,32514,341524,166830,127492,377,24605,100145,0,-8600,898730,,,
83,FIRST ASSURANCE COMPANY LTD,7237,2.10E+11,799441786.0,23267,2.70E+12,2023767664.0,2015,3709316,87969,1444518,2352766,1006451,0,918772,0,2440445,1699600,140011,575339,"25,496",0,25496,,,,,,,,,,,,,,,,850000,0,137417,0.0,1351946,0,2339363,2249619,0.0,0,552382,5141363,186000,1325000,21298,794294,0,52929,66481,0,0.0,49288,0,0.0,0.0,22306,0,1529783,52426,822361,13040,145074,61084,5141363,-533,47161,33722,96871,46850,33562,536885,680078,0,65897,48118,184432,605431,61970,2440445,222,34470,14819,26255,13532,46734,487814,373131,0,16763,50590,34685,577665,22919,1699600,,,
84,GA LIFE ASSURANCE LIMITED,22187,5.94E+11,2226021557.0,44623,1.02E+12,4324695310.0,2015,4261542,63154,2063886,2260810,888141,0,994752,0,2154199,1282549,33618,666710,"171,321",407766,579087,,,,,,,,,,,,,,,,450000,0,829766,0.0,1044092,205972,2529829,4091544,0.0,0,1265652,7887026,1161000,1380843,39579,1373278,0,308827,291502,10177,0.0,383094,184898,0.0,0.0,297446,0,808614,24859,1279782,2469,53750,286907,7887026,864,60071,54669,157831,53439,117514,293970,339347,66478,40098,269699,397844,232548,69827,2154199,82,27159,18858,54355,16502,29553,219576,258597,457,14979,157973,318089,188818,-22451,1282549,,,
85,GATEWAY INSURANCE,32707,36187267728,515289202.0,44899,55152754331,633156565.0,2015,600594,32563,127866,505290,192461,0,206775,0,490977,538326,30278,434886,"-512,514",258122,-254392,,,,,,,,,,,,,,,,350284,102759,54362,0.0,-237500,0,269905,1553311,0.0,0,218258,2041474,0,1116700,27810,207959,0,0,15000,0,0.0,885,80738,0.0,0.0,4803,0,256746,23584,116095,12665,167727,10763,2041474,0,229,674,1802,9914,732,162140,90979,103826,798,22254,8995,84277,4356,490977,0,1129,2763,487,4811,575,207425,94954,166008,-3113,4455,758,56716,1357,538326,,,
86,GEMINIA INSURANCE COMPANY LTD,4627,40542513741,415578183.0,17105,2.08E+11,1657124920.0,2015,1640207,16918,473751,1183374,469964,0,553561,0,1099777,694178,77101,329869,"-1,372",193341,191970,,,,,,,,,,,,,,,,300000,0,578992,0.0,603611,100222,1582824,1748249,0.0,887,289718,3621679,19484,973000,30674,495200,0,0,24300,0,0.0,159713,6088,0.0,0.0,26179,0,857690,81558,262035,11644,672958,1156,3621679,0,14293,28346,33450,11499,86309,257008,383118,0,15043,58495,202881,0,9337,1099777,0,9926,6885,66921,-444,37286,170679,276821,0,5124,33644,88479,-974,-168,694178,,,
87,HERITAGE INSURANCE COMPANY KENYA LTD,0,0,1664199679.0,0,0,5224669009.0,2015,5207511,17158,2166554,3058115,1044662,0,1193420,0,2909357,1337682,65916,1289766,"215,992",381277,597269,,,,,,,,,,,,,,,,500000,0,0,0.0,1586487,0,2086487,2641046,0.0,0,722716,5450249,0,145000,108413,1432563,0,88370,192349,0,0.0,161577,0,0.0,0.0,70558,274693,1062602,169448,1272086,64328,351140,57122,5450249,0,46544,92567,163803,94190,55633,600820,597585,21898,310740,93991,324739,352321,154525,2909357,154,35008,40235,46020,27823,18054,446554,300296,-6203,43996,32559,96543,232964,23679,1337682,,,
88,ICEA LION GENERAL INSURANCE COMPANY LTD,24272,4.14E+11,1555772168.0,90276,2.38E+12,5627151554.0,2015,5523082,104070,2341336,3285815,1234991,0,1360135,0,3160671,1738269,296766,994344,"131,293",0,131293,,,,,,,,,,,,,,,,1000000,0,327255,0.0,1975670,200000,3502924,4110982,0.0,539945,696310,8850161,0,2590000,162958,3013764,0,50147,303802,0,0.0,815582,20337,0.0,0.0,34847,0,374644,360,859185,116427,241430,266679,8850161,6782,52371,80190,166838,33574,122496,1004460,805150,0,151599,194365,363618,171840,7388,3160671,7106,26970,28460,148625,10017,45334,576904,442366,0,47240,61468,215311,132641,-4173,1738269,,,
89,INTRA-AFRICA INSURANCE COMPANY LTD,12360,68278682602,396635665.0,25732,1.51E+11,946375261.0,2015,940834,5542,175371,771004,294634,0,308201,6122,751315,429476,19700,264669,"37,470",21151,58621,,,,,,,,,,,,,,,,400000,0,319752,0.0,67724,7500,794976,829560,0.0,0,62695,1687231,130020,288660,22503,222450,0,0,0,0,0.0,64112,0,0.0,0.0,7846,12733,280224,36796,498591,88764,0,34531,1687231,0,23502,12645,33266,4916,65833,222115,183831,0,10061,42185,118526,0,34435,751315,0,9939,19768,38276,219,21936,106507,87162,0,25257,23517,92276,0,4618,429476,,,
90,INVESCO ASSURANCE COMPANY LTD,39615,4761138744,519395408.0,71890,6537580332,785271108.0,2015,2293994,0,52288,2241705,396968,0,387475,0,2251198,1010605,232372,995559,"12,662",0,12662,,,,,,,,,,,,,,,,1680000,0,428,0.0,-1254908,0,425520,2539305,0.0,70426,83415,3118667,76444,1178480,62646,189000,0,0,0,0,0.0,2501,0,0.0,0.0,0,0,315442,93048,430259,293557,0,477289,3118667,0,533,-2971,149,80,483,189696,115051,1946279,474,281,1123,0,21,2251198,0,-38,613,346,0,-14,100315,7707,901864,582,101,-870,0,0,1010605,,,
91,JUBILEE INSURANCE COMPANY,18608,3.02E+11,3964764174.0,45341,1.30E+12,11872402367.0,2015,11714024,436468,3403949,8746543,2706218,0,3350928,0,8101833,5215508,578611,1661008,"646,706",622960,1269667,,,,,,,,,,,,,,,,2000000,0,411780,0.0,3965149,0,6376929,6121640,0.0,0,1707749,14206318,0,0,55915,3526746,0,1587320,225992,0,0.0,1858547,579425,411.0,0.0,23398,64709,1438105,166332,3377785,840127,80390,381115,14206318,13417,24710,46442,325588,91410,106216,1437708,600319,0,458619,157068,132878,4521635,185823,8101833,-980,29930,22725,50726,79361,24409,1229169,339892,0,143998,5942,47100,3198257,44980,5215508,,,
92,KENINDIA ASSURANCE COMPANY LTD,13620,2.13E+11,892966952.0,28890,7.69E+11,2864050808.0,2015,2784466,79585,1130405,1733646,627509,0,694487,0,1666668,1141359,62217,572261,"-109,170",1254630,1145460,,,,,,,,,,,,,,,,400000,1198,-3012,0.0,1624603,289427,2312216,2328421,0.0,81251,3788152,8510040,635827,1022868,126789,1079982,0,81905,0,0,0.0,72003,122779,0.0,0.0,680,0,2574834,57259,261115,0,2472938,1061,8510040,0,20593,38944,104681,23200,190196,300053,384500,39880,16310,107998,346734,86440,7139,1666668,0,9125,51533,39558,11546,99053,184880,316285,0,8502,68465,269261,83569,-420,1141359,,,
93,KENYA ORIENT INSURANCE COMPANY,49351,64244509498,1204196263.0,85025,1.19E+11,2457379039.0,2015,2422681,34698,216892,2240487,854820,0,1093495,0,2001812,1080854,187306,663039,"70,613",63107,133721,,,,,,,,,,,,,,,,810721,0,391005,0.0,94617,50000,1346343,1301792,0.0,113093,176214,2937442,79807,429152,45424,171288,0,26685,5248,0,0.0,5081,1070273,0.0,0.0,0,0,109303,53846,560402,171996,68318,140619,2937442,0,18859,1582,24803,21866,14988,588590,1147048,140713,8104,-33710,67302,0,1668,2001812,0,2535,3053,45245,5449,6419,539495,444597,0,1327,7154,20533,0,5047,1080854,,,
94,MADISON INSURANCE COMPANY LTD,21992,1.23E+11,1114245950.0,45394,6.18E+12,2683187472.0,2015,2683187,0,171232,2511955,480219,0,1041059,0,1951114,1068366,202091,491389,"189,269",243503,432772,,,,,,,,,,,,,,,,300000,0,0,0.0,726011,0,1026011,1376517,0.0,8595,122441,2533564,0,567000,56663,227263,277,0,23388,18518,0.0,8837,244951,0.0,0.0,2626,0,337685,41826,814374,71528,3384,115244,2533564,0,28088,26827,34105,83315,2802,343425,655490,0,21173,20917,27148,481946,225880,1951114,0,-167,1662,2692,36113,2069,255809,282646,0,-6566,-974,3902,438308,52874,1068366,,,
95,MAYFAIR INSURANCE COMPANY LTD,10164,4.42E+11,1086141052.0,30445,2.11E+12,2025038621.0,2015,1958463,66576,965349,1059690,360641,0,422697,0,997633,398917,41442,318857,"238,417",0,238417,,,,,,,,,,,,,,,,525000,0,408436,0.0,719887,0,1653323,1532637,0.0,32328,431097,3649385,205661,404913,71491,429352,0,321244,129477,0,0.0,226352,511238,0.0,0.0,10063,0,763718,55003,303289,0,208250,9335,3649385,-45,23144,17639,50419,9566,52814,242399,251454,0,7281,28597,297484,0,16882,997633,40,22787,5618,8475,-438,24523,125320,2339,0,-6732,2226,211794,0,2965,398917,,,
96,OCCIDENTAL INSURANCE COMPANY LTD,1517,20749894120,87036143.0,4233,1.10E+11,546800896.0,2015,1897013,9935,610934,1296013,510132,0,560137,0,1246008,720933,124132,244576,"156,368",180471,336839,,,,,,,,,,,,,,,,693000,0,1506,0.0,278594,40194,1013294,1315569,0.0,1044,250117,2580025,0,441683,29049,650593,0,0,34864,0,0.0,111234,100825,0.0,0.0,0,0,475477,44990,624477,25825,11687,29320,2580025,0,15838,20355,49821,2025,52505,284859,469501,0,13486,48660,271080,0,17878,1246008,0,15466,31822,20040,-188,17566,212765,259762,3459,6592,27871,118304,0,7474,720933,,,
97,PACIS INSURANCE COMPANY LTD,7928,36146274944,371510445.0,23290,1.89E+11,1379039071.0,2015,1007529,0,177571,829957,355513,0,348052,0,837418,376352,93894,411756,"-44,585",83604,39019,,,,,,,,,,,,,,,,303000,17712,0,0.0,393395,-25219,688888,924616,0.0,0,128674,1742179,111825,709000,45455,145570,0,0,0,0,0.0,1603,1420,0.0,0.0,0,0,45087,4407,535917,0,88391,53503,1742179,0,5743,12096,18632,14263,1329,292269,342082,0,21533,25145,56499,46476,1350,837418,0,6210,4142,6150,2677,283,207241,90957,0,4057,5867,7145,41537,88,376352,,,
98,PHOENIX OF EAST AFRICA ASSURANCE COMPANY,1305,41715791697,249582367.0,2758,70938385160,601221427.0,2015,524461,76761,299576,301645,106246,0,121669,0,286222,159354,-27406,182724,"-28,450",0,-28450,,,,,,,,,,,,,,,,300000,0,157803,0.0,1107447,0,1565250,278927,0.0,0,170160,2014337,0,0,44261,258000,0,143807,0,0,0.0,265494,0,0.0,0.0,5645,0,656819,2056,301914,97187,189003,50152,2014337,7817,14501,2494,30286,11689,19292,85726,46267,0,5472,21198,43246,0,-1765,286222,2746,12504,1705,1299,3084,2088,51246,53542,0,3800,7638,8438,0,11263,159354,,,
99,RESOLUTION INSURANCE COMPANY,5170,1.19E+11,1073512259.0,10325,3.98E+11,2959517209.0,2015,2959517,0,1730334,1229183,478487,0,522880,34855,1149935,803414,-168729,897149,"-381,899",0,-381899,,,,,,,,,,,,,,,,330000,270000,-10997,0.0,-389968,0,199035,907822,0.0,0,366848,1473705,0,0,155623,130366,0,0,0,0,0.0,0,0,0.0,0.0,4516,0,429893,32273,298633,58738,165889,197775,1473705,0,26,79,5811,-1226,-529,2359,6132,0,16112,-3352,45797,1072345,6381,1149935,0,0,0,0,788,0,8215,0,0,1075,0,195,793141,0,803414,,,
100,SAHAM INSURANCE COMPANY LTD,3791,90138795134,440031931.0,9002,1.32E+11,1220241355.0,2015,1210663,9578,678233,542008,145284,0,217332,0,469960,277507,-21373,276962,"-63,136",90482,27345,,,,,,,,,,,,,,,,300000,0,-4184,0.0,152085,14965,462866,382819,0.0,0,202029,1047715,0,0,14445,330310,0,0,72129,0,0.0,35749,0,0.0,0.0,9992,0,380835,26404,152991,0,24859,0,1047715,0,8217,6217,5734,2565,670,132241,107065,3946,-3503,8046,38641,41289,118830,469960,0,7194,-1115,8206,-4030,-102,88584,35805,0,379,2840,10296,30931,98520,277507,,,
101,TAKAFUL INSURANCE OF AFRICA LTD,4107,55322487149,381009001.0,10766,1.01E+11,777802000.0,2015,777802,0,99900,677902,294653,0,354266,0,618289,288502,58491,344211,"-72,915",82521,9606,,,,,,,,,,,,,,,,470203,50000,0,0.0,-124206,146400,542397,679142,0.0,0,200792,1422331,0,21100,38737,85026,0,0,80869,0,0.0,0,0,0.0,0.0,0,0,262384,386688,352735,0,155950,38842,1422331,0,15147,13252,34690,3411,10753,163513,254581,0,4070,65699,42043,-478,11608,618289,0,23791,2562,9806,3215,1386,68102,115887,0,893,34439,3539,-2154,27035,288502,,,
102,TAUSI ASSURANCE COMPANY LTD,11407,77926845893,186506165.0,26502,2.70E+11,876774998.0,2015,870156,6619,318003,558772,192554,0,189478,0,561848,239750,41801,207147,"73,150",0,73150,,,,,,,,,,,,,,,,600000,0,152683,0.0,257984,-17628,993039,696924,0.0,54362,129761,1874085,275000,0,20599,800034,28893,0,0,0,0.0,169148,6522,0.0,0.0,2764,108119,256677,30565,103404,0,71297,1064,1874085,0,8040,21732,21442,6564,77791,135733,79062,0,5248,49192,143061,0,13983,561848,0,5991,16012,24441,-2314,31290,47467,31500,0,1007,10684,68708,0,4964,239750,,,
103,THE KENYAN ALLIANCE INSURANCE COMPANY LTD,11212,0,542721146.0,36384,0,1214112322.0,2015,1196728,17384,149975,1064138,532895,0,482670,0,1114362,517570,120412,423969,"52,411",228725,281136,,,,,,,,,,,,,,,,300000,0,85660,0.0,1164110,2538,1552308,1303252,0.0,55008,240139,3150706,105000,1255849,40753,174784,0,0,27496,0,0.0,25583,0,0.0,0.0,12360,0,763234,18978,535534,70232,64740,56164,3150706,0,3331,38054,27099,7667,6072,459576,436170,0,48072,42233,44619,0,1469,1114362,0,-473,6256,6656,1249,-4178,131974,299776,0,16281,11393,48272,0,364,517570,,,
104,THE MONARCH INSURANCE COMPANY LTD,39933,40835695735,407155512.0,58463,68185562973,700114584.0,2015,674633,25481,73611,626503,258531,0,253859,0,631176,240209,62286,280774,"47,906",0,47906,,,,,,,,,,,,,,,,316476,0,0,0.0,61735,62000,440211,490542,0.0,0,64681,995434,0,409025,1980,137551,0,0,0,0,0.0,0,59,0.0,0.0,0,0,5393,6994,370060,3980,26506,33885,995434,0,4928,-602,12253,3866,4726,298142,203377,0,9615,3089,21119,0,70662,631176,0,534,311,1951,1533,114,163647,66543,0,335,562,4525,0,153,240209,,,
105,TRIDENT INSURANCE COMPANY LTD,20562,2.78E+12,538593713.0,47159,3.11E+12,924012941.0,2015,951318,54350,527169,478500,435452,0,295327,0,618625,434739,-32076,269897,"-53,936",0,-53936,,,,,,,,,,,,,,,,500000,0,209311,0.0,1479454,25000,2213765,1480141,0.0,51217,266064,4011187,240660,1716399,18502,253549,17155,0,25000,0,0.0,6034,7985,0.0,0.0,1089786,0,10905,28160,468883,90259,14250,23662,4011187,682,8904,5578,12252,3473,19571,205566,164893,10993,4390,8879,119056,21070,33318,618625,1105,4592,-750,21543,1998,-2083,212319,52622,2189,-3761,1577,129895,15660,-2168,434739,,,
106,UAP INSURANCE COMPANY,32356,2.16E+12,2956692739.0,78270,4.02E+12,8285019303.0,2015,8140200,144820,1495444,6789576,2371976,0,2934218,0,6227334,4289965,472885,1757285,"-292,801",0,-292801,,,,,,,,,,,,,,,,600000,0,0,0.0,5336622,1849562,7786184,5803438,0.0,0,929537,14519159,0,3582700,84465,2715040,0,0,579190,231737,0.0,2273805,66450,0.0,0.0,993958,206927,688896,438314,1554482,339126,493341,270730,14519159,0,47263,84137,185180,76482,54882,1030810,991407,0,73381,143339,250358,3274312,15783,6227334,0,33841,20540,6918,-5617,-5977,882106,776096,0,17850,7720,119788,2428015,8683,4289965,,,
107,XPLICO INSURANCE COMPANY LTD,75861,20317724854,229471003.0,84731,21982238309,273190202.0,2015,1741137,823,62852,1679109,401991,0,617076,0,1464025,302093,135906,1040950,"-14,924",0,-14924,,,,,,,,,,,,,,,,407500,480000,19670,0.0,66056,0,973226,772460,0.0,0,303365,2049050,586500,19200,141010,80000,103000,25251,0,0,0.0,0,0,0.0,0.0,3260,0,301785,51426,501060,131887,93597,11074,2049050,8191,-91,518,3884,12053,928,835927,280578,0,8693,4847,12625,188516,107355,1464025,150,5078,3868,-9956,-468,12647,143279,95901,0,-890,311,-4670,51191,5651,302093,,,
108,AAR INSURANCE KENYA LTD,"9,443","46,748,660,357",,"45,758","1,056,366,358,720",,2016,"6,489,197",0,"992,257","5,496,940","1,834,684",0,"3,235,350",0,"4,096,275","2,793,648","348,912","859,887","93,828","221,877","315,705",0,0,608,0,0,0,0,0,0,492,0,462,"2,596,940",234,"2,598,736","400,000","600,523",0,0.0,"-2,354",0,"998,168","3,678,975",0.0,0,"483,023","5,160,166",0,0,"102,556","1,223,000",0,0,"107,595",0,0.0,0,0,0.0,0.0,0,0,"2,013,412","197,092","987,618","234,138",0,"294,755","5,160,166",0,0,"5,818",0,292,39,0,0,0,"16,375",676,"20,407","4,046,077","6,590","4,096,275",0,0,485,0,0,0,0,0,0,"2,662",0,"4,136","2,784,810","1,555","2,793,648",,,
109,AFRICAN MERCHANT ASSURANCE COMPANY LTD,"79,702","1,617,876,348,519",,"236,612","4,654,021,903,356",,2016,"3,145,060","17,188","665,843","2,496,405","909,325",0,"1,078,654",0,"2,327,076","1,308,710","155,379","1,092,920","-229,933","174,122","-55,810",0,640,"1,946",0,"3,612","2,572","534,853","187,864","372,898","87,297","14,167","33,069",0,"20,394","1,259,312","987,386",0,0,0.0,"523,650","15,156","1,526,192","2,173,439",0.0,0,"269,502","3,969,134","729,066","525,000","134,973","490,086",0,0,"16,362",0,0.0,"20,370",0,0.0,0.0,"19,736",0,"541,378","84,041","1,179,009","46,634","169,080","13,398","3,969,134",0,"150,766","5,227","153,117","7,328","4,706","869,543","710,000","28,696","210,142","27,501","107,866",0,"52,184","2,327,076",0,"21,520","1,477","35,382","4,170",808,"577,788","82,783","334,829","145,361","17,548","62,716",0,"24,326","1,308,710",,,
110,AIG INSURANCE COMPANY LTD,"32,471","335,880,977,294",,"66,468","1,204,718,361,523",,2016,"3,588,476","81,463","1,416,352","2,253,588","890,118",0,"772,460",0,"2,371,245","1,409,497","91,362","712,240","158,146",0,"158,146","4,621","1,095","47,957","52,742","63,664","9,161","752,569","230,079",0,"185,811","14,870","19,332",0,"-3,672","1,378,229","450,000",0,"-12,197",0.0,"1,215,782","250,000","1,903,585","1,661,978",0.0,0,"640,821","4,206,384",0,"510,000","56,277","2,619,527",0,0,0,0,0.0,0,0,0.0,0.0,"16,418",0,"204,762","55,993","421,551","89,880","182,901","49,074","4,206,384",816,"43,521","122,715","49,811","482,221","13,832","930,306","329,578",0,"394,658","-3,296","6,995",0,89,"2,371,245","9,057","1,246","55,445","54,684","214,179","6,741","811,558","169,438",0,"198,763","9,771","17,075",0,"-138,459","1,409,497",,,
111,ALLIANZ INSURANCE COMPANY OF KENYA,377,"35,319,358,636",,377,"35,319,358,636",,2016,"63,060",0,"32,429","30,631",0,0,"25,729",0,"4,902","5,238","1,371","182,153","-183,860","93,853","-90,008",0,0,0,557,0,0,682,0,0,0,0,0,0,0,"1,240","1,000,000",0,0,0.0,"-27,606",0,"972,394","29,728",0.0,0,"70,168","1,072,290",0,0,"37,288","97,520",0,0,0,0,0.0,0,0,0.0,0.0,0,0,"726,264","97,251","22,381",0,"70,461","21,125","1,072,290",6,"-1,020","1,376","2,195",433,41,947,173,0,22,172,558,0,0,"4,902",2,40,456,658,"2,721",5,994,89,0,13,62,199,0,0,"5,238",,,
112,APA INSURANCE LTD,"60,775","510,437,583,896",,"119,397","1,578,480,233,249",,2016,"8,995,974",0,"2,481,008","6,514,966","3,204,141",0,"2,467,639",0,"7,251,469","5,244,122","638,025","1,496,678","-127,355",0,"-127,355",0,"49,108","23,653","45,313","74,021","44,650","1,192,180","1,046,170",0,"41,341","96,546","221,986","1,466,535","33,850","4,335,353","1,250,000",0,0,0.0,"3,618,038","394,980","5,263,018","8,260,637",0.0,0,"804,057","14,327,712",0,"1,225,000","105,198","6,548,144",0,"597,913","280,278","11,484",0.0,"1,488,887","25,734",0.0,0.0,"57,047","49,832","990,747","39,724","2,337,588","100,118","236,097","233,921","14,327,712",776,"54,271","63,405","139,048","73,642","144,109","1,663,913","2,072,030",0,"107,588","157,033","647,476","1,892,988","235,191","7,251,469",241,"59,376","21,417","75,626","27,426","6,538","1,580,295","1,298,632",0,"77,491","83,015","576,472","1,387,518","50,075","5,244,122",,,
113,BRITAM GENERAL INSURANCE,"68,902","219,806,117,131",,"136,439","773,703,461,261",,2016,"6,945,612","51,614","983,122","6,014,104","3,040,464","148,841","2,530,765","98,165","6,574,479","3,780,621","672,195","2,170,113","-48,449","679,257","630,808",0,"34,258","47,303","65,545","8,542","10,824","1,046,213","821,603",0,"51,967","56,960","57,135","1,357,237","357,299","3,914,887","2,668,000",0,0,0.0,"246,958",0,"2,914,958","5,604,168",0.0,0,"950,252","9,469,378","42,271",0,"159,323","3,914,543","385,385",0,"519,756",0,0.0,"414,284","8,675",0.0,0.0,0,0,"832,369","581,749","1,195,462","284,602","367,409","763,549","9,469,378",0,"52,167","88,957","170,816","41,649","89,580","1,302,775","1,429,802",0,"523,595","170,284","213,224","1,868,921","622,709","6,574,479",0,"40,792","49,387","11,971",557,"-13,481","958,497","848,206",0,"25,536","117,747","17,128","1,369,543","354,737","3,780,621",,,
114,CANNON ASSURANCE LTD,"18,244","164,819,197,067",,"49,997","363,061,560,211",,2016,"1,701,541","24,035","408,938","1,316,637","348,114","58,665","558,806","105,413","1,059,198","838,433","154,286","428,788","-362,309",0,"-362,309",0,"33,851","-6,946","41,419","16,539","28,132","357,318","234,226",0,"-9,931","12,807","51,413",0,"4,542","763,370","300,000",0,0,0.0,"32,810",0,"332,810","1,623,398",0.0,0,"378,159","2,334,367","105,000","270,000","41,006","553,288",0,"30,000","29,672",0,0.0,"251,758","299,720",0.0,0.0,"12,287","33,940","76,205","19,024","336,517","171,473","36,087","68,390","2,334,367",0,"20,499","13,992","34,860","14,521","30,839","347,209","264,124","134,173","22,199","40,693","115,384",0,"20,705","1,059,198",0,"5,086","3,913","16,802","20,283","37,234","460,918","288,022",0,"12,760","22,412","25,061",0,"-54,057","838,433",,,
115,CIC GENERAL INSURANCE LTD,"57,989","1,661,990,195,477",,"175,269","33,598,013,353,000",,2016,"8,407,498",0,"956,313","7,451,186","2,827,370",0,"3,366,626",0,"6,911,930","4,521,575","755,766","2,257,517","-622,928","622,649",-279,0,"86,717","16,943","195,708","-332,868","17,130","1,479,065","1,236,417",0,"58,842","116,487","77,782","801,541","41,264","3,795,029","1,700,000",0,0,0.0,"2,379,581","-91,173","3,988,408","7,359,333",0.0,0,"634,539","11,982,281","229,000","1,536,000","259,232","2,110,120","510,940",0,"235,828","25,390",0.0,"356,222","19,776",0.0,0.0,"191,948","144,850","1,326,440","381,207","3,593,850","342,023","237,656","481,798","11,982,281",0,"38,389","92,078","260,080","52,349","96,130","1,973,899","2,441,195",0,"170,668","393,633","247,262","962,650","183,595","6,911,930",0,"94,946","15,265","142,854","137,193","60,672","1,757,167","1,419,571",0,"64,643","120,351","142,094","526,486","40,333","4,521,575",,,
116,COPORATE INSURANCE COMPANY,"2,652","25,739,456,134",,"9,403","82,060,299,207",,2016,"299,866","12,749","3,741","308,874","115,724",0,"111,255",0,"313,343","150,133","24,755","175,775","-37,319","65,242","27,922","5,826","2,524",293,"7,662",0,"9,762","53,861","41,870",0,15,140,"4,933",0,8,"126,894","400,000",0,0,0.0,"526,734",0,"926,734","299,095",0.0,0,"101,797","1,327,626",0,"800,000","3,935","169,550",0,0,0,0,0.0,"1,259","1,001",0.0,0.0,"2,722",0,"17,745","4,609","259,985","30,198","21,883","14,739","1,327,626",0,"15,234","12,616","-8,825","32,301","21,241","89,164","60,963",0,"22,093","44,225","18,871",0,"5,461","313,343","5,798","2,507",334,"7,235",30,"15,061","71,369","47,767",0,-972,"-3,308","6,979",0,"-2,668","150,133",,,
117,DIRECTLINE ASSURANCE,"75,722","7,516,130,000",,"325,920","7,516,130,000",,2016,"3,224,740",0,"79,756","3,144,984","791,135",0,"904,419",0,"3,031,700","1,787,823","301,961","958,922","-17,006",0,"-17,006",0,0,0,0,0,0,"18,021","5,968","1,457,927",0,0,0,0,0,"1,481,916","300,000",0,"-106,911",0.0,"731,479",0,"924,568","4,163,453",0.0,0,"88,060","5,176,081",0,"2,066,550",0,"972,055",0,"14,500",0,0,0.0,"118,372",0,0.0,0.0,"2,000",0,"312,350","1,396,305",0,0,"203,508","90,442","5,176,081",0,0,0,0,0,0,"67,865","19,556","2,944,279",0,0,0,0,0,"3,031,700",0,0,0,0,0,0,"33,861","12,345","1,741,617",0,0,0,0,0,"1,787,823",,,
118,FIDELITY SHIELD INSURANCE COMPANY LTD,"9,312","1,103,962,837,737",,"24,584","2,905,663,275,242",,2016,"1,674,182","43,145","410,052","1,307,275","493,386",0,"498,708",0,"1,301,954","770,109","128,309","393,895","9,641",0,"9,641",0,"2,676","10,043","23,507",677,"19,363","239,454","236,278","14,160","3,060","15,952","74,198",0,946,"640,313","600,000",0,"105,672",0.0,"461,593",0,"1,167,266","1,493,015",0.0,0,"103,245","2,763,526","274,034","1,121,766","33,296","234,751",0,0,0,0,0.0,"90,590",0,0.0,0.0,"5,666","26,240","150,465","80,016","557,570",0,"122,209","66,922","2,763,526",13,"7,124","21,034","66,219","10,165","43,855","397,709","494,016","18,965","13,531","51,262","169,943",0,"8,117","1,301,954",6,"-1,515","11,095","28,589","16,042","20,073","255,931","289,500","16,486","4,522","26,784","102,679",0,-82,"770,109",,,
119,FIRST ASSURANCE COMPANY LTD,"10,972","616,533,415,937",,"21,450","849,179,021,870",,2016,"3,831,052","99,900","1,753,296","2,177,656","918,772",0,"753,348",0,"2,343,080","1,964,664","127,405","693,880","-442,869",0,"-442,869",0,"41,583","21,804","49,028","20,567","40,362","497,126","397,624",0,"8,761","37,800","109,940","565,598","11,582","1,801,776","660,000","512,139","244,357",0.0,"811,994",0,"2,228,489","2,233,046",0.0,0,"687,748","5,149,283","338,000","1,385,000","19,878","826,806",0,"52,929","56,229",0,0.0,"33,626",0,0.0,0.0,"17,666",0,"1,312,494","71,461","638,587","15,976","333,520","47,111","5,149,283",964,"47,882","35,614","104,395","46,013","56,546","543,984","548,090",58,"80,011","66,393","162,287","618,444","32,400","2,343,080",123,"38,669","24,468","54,495","42,508","18,568","523,573","433,851",0,"10,946","46,208","172,011","579,848","19,397","1,964,664",,,
120,GA LIFE ASSURANCE LIMITED,"23,855","439,040,772,537",,"50,015","1,020,198,560,578",,2016,"4,707,811","74,273","2,338,025","2,444,059","994,752",0,"1,006,666",0,"2,432,144","1,436,525","73,727","632,444","289,448","450,350","739,798",0,"35,347","30,379","43,236","7,314","59,771","249,513","318,236","-74,562","5,316","137,961","274,752","202,781","4,370","1,294,415","700,000",0,"829,766",0.0,"1,089,453","224,093","2,843,312","4,245,563",0.0,0,"1,458,770","8,547,646","1,152,000","1,396,070","29,098","2,050,772",0,"356,109","269,515","10,162",0.0,"343,998","208,806",0.0,0.0,"211,637",0,"756,893","52,413","1,295,766","6,928","65,338","342,141","8,547,646",667,"57,028","67,081","131,236","60,167","128,352","400,910","442,030","55,228","50,996","284,777","444,319","261,667","47,687","2,432,144",-51,"27,472","27,023","55,800","6,262","35,551","423,053","410,825","-74,362","-2,290","126,016","188,395","208,647","4,183","1,436,525",,,
121,GEMINIA INSURANCE COMPANY LTD,"4,681","92,577,610,814",,"17,545","301,077,506,262",,2016,"2,212,122","11,028","382,688","1,840,462","553,561",0,"866,012",0,"1,528,011","931,039","183,818","393,050","20,104","209,820","229,924",0,"6,464","10,632","50,944","1,698","45,860","313,228","283,574",0,"9,936","65,644","69,180",0,4,"857,163","550,000",0,"578,992",0.0,"441,141","97,951","1,668,084","2,134,456",0.0,"1,904","265,259","4,069,704","19,206","973,000","34,841","817,200",0,0,"24,300",0,0.0,"132,563","6,849",0.0,0.0,"98,098",0,"819,635","124,806","463,454","15,997","538,577","1,179","4,069,704",0,"11,477","31,521","74,424","15,354","105,602","462,643","484,025",0,"17,822","97,895","214,682",0,"12,566","1,528,011",0,"7,276","11,043","23,659","-1,010","62,905","371,693","266,360",0,"9,440","71,703","107,624",0,346,"931,039",,,
122,HERITAGE INSURANCE COMPANY KENYA LTD,0,0,,0,0,,2016,"5,326,894","13,285","2,263,053","3,077,126","1,193,420",0,"1,208,120",0,"3,062,426","1,355,302","63,702","1,239,266","404,156","483,851","888,007",0,"6,932","34,657","48,743","-10,502","18,027","436,840","311,478",0,"49,420","13,819","74,621","217,454","16,298","1,217,788","500,000",0,0,0.0,"2,024,681",0,"2,524,681","2,793,259",0.0,0,"619,083","5,937,023",0,"14,563","103,448","2,662,602",0,"121,369","190,770",0,0.0,"97,826",0,0.0,0.0,"48,703","262,860","820,653","54,914","1,246,035","50,965","226,648","35,669","5,937,023","10,847","44,010","130,221","129,449","126,836","58,589","718,826","631,458","26,934","270,996","107,155","346,660","347,851","112,594","3,062,426","1,293","12,331","49,340","40,535","-2,761","23,373","497,962","311,168","8,704","57,546","1,154","115,937","196,736","41,984","1,355,302",,,
123,ICEA LION GENERAL INSURANCE COMPANY LTD,"22,882","849,565,065,062",,"56,239","2,555,529,016,954",,2016,"6,218,767","85,820","2,466,937","3,837,650","1,360,135",0,"1,373,209",0,"3,824,576","2,310,662","344,071","1,028,123","141,720",0,"141,720","2,350","13,484","31,862","68,496","14,785","54,294","814,000","427,636",0,"84,001","79,144","147,183","205,475","1,093","1,943,806","1,000,000",0,"174,133",0.0,"2,146,660","150,000","3,470,793","4,490,912",0.0,"471,116","1,264,625","9,697,446",0,"2,640,000","141,592","4,100,655","41,647","50,147","264,948",0,0.0,"755,877","12,339",0.0,0.0,"24,028",0,"270,223","24,346","768,509","137,829","197,399","267,907","9,697,446","6,085","21,616","114,091","200,626","35,206","133,211","1,408,486","787,337",0,"168,774","213,359","399,603","331,381","4,799","3,824,576","1,258","2,599","49,970","27,559","23,567","90,370","991,454","407,889",0,"121,828","106,037","272,841","214,581",708,"2,310,662",,,
124,INTRA-AFRICA INSURANCE COMPANY LTD,"10,367","78,137,632,771",,"22,247","164,798,954,212",,2016,"996,133","18,127","154,066","860,194","314,323",0,"379,991",0,"794,526","460,382","57,587","268,870","7,686","19,900","27,586",0,"15,649","15,541","24,926","3,042","30,191","175,326","101,462",0,"27,226","46,986","44,782",0,"5,747","490,878","400,000",0,"328,452",0.0,"87,108","7,500","823,060","864,732",0.0,0,"66,415","1,754,207","133,120","294,260","21,004","227,146",0,0,0,0,0.0,"58,786",0,0.0,0.0,"11,947","12,733","263,904","31,342","559,882","99,183","2,728","38,171","1,754,207",0,"24,908","17,585","37,321","5,818","59,663","254,959","178,864",0,"17,197","40,692","127,451",0,"30,069","794,526",0,"19,949","14,202","24,437","4,792","27,949","198,234","98,861",0,"26,359","38,972","6,772",0,-146,"460,382",,,
125,INVESCO ASSURANCE COMPANY LTD,"40,446","4,575,380,460",,"77,276","6,593,132,950",,2016,"2,300,894",0,"60,476","2,240,419","387,475",0,"321,883",0,"2,306,011","974,272","234,479","1,093,109","4,150",0,"4,150",0,0,"3,885",0,0,0,"104,691","81,567","814,040",49,0,459,0,0,"1,004,691","1,680,000",0,508,0.0,"-1,336,363",0,"344,144","2,443,284",0.0,"139,720","176,638","3,103,786","74,533","1,178,480","59,298","176,000",0,0,0,0,0.0,"2,580",0,0.0,0.0,0,0,"165,860","315,930","404,337","272,490",0,"454,276","3,103,786",0,119,175,"-2,422",50,924,"158,820","91,467","2,055,241","1,036",235,361,0,3,"2,306,011",0,3,"-1,413","2,458",-3,-5,"111,036","149,852","710,589",913,1,841,0,0,"974,272",,,
126,JUBILEE INSURANCE COMPANY,"21,871","520,631,876,447",,"51,617","1,676,373,577,503",,2016,"13,781,583","307,715","3,824,990","10,264,308","3,350,928",0,"4,134,666",0,"9,480,569","6,711,739","784,927","1,780,367","203,536","614,322","817,858",0,"27,292","19,128","72,450","6,896","33,693","1,162,701","310,481",0,"394,631","109,971","67,148","4,545,294","27,242","6,776,928","2,000,000",0,"21,912",0.0,"3,530,573",0,"5,552,485","6,840,193",0.0,0,"1,490,783","13,883,461",0,0,"54,800","2,961,418",0,"1,706,099","21,477",0,0.0,"1,339,466","583,636",432.0,0.0,"15,674","77,641","1,139,242","96,770","4,445,435","753,335","323,135","364,901","13,883,461","16,478","37,277","53,537","302,642","118,820","90,196","1,360,405","680,867",0,"485,761","156,754","117,860","6,022,270","37,702","9,480,569",999,"7,205","12,863","66,787","-38,875","21,033","1,061,144","273,840",0,"383,417","99,901","44,246","4,793,935","-14,754","6,711,739",,,
127,KENINDIA ASSURANCE COMPANY LTD,"10,106","388,669,117,266",,"23,814","1,134,048,397,315",,2016,"2,910,583","85,377","1,115,062","1,880,898","694,487",0,"737,705",0,"1,837,681","1,241,484","144,174","576,847","-124,823","352,721","227,898",0,"19,669","27,474","78,771","8,560","69,848","194,452","331,051",0,"11,859","66,148","289,529","89,737",230,"1,187,328","400,000","1,198","-11,542",0.0,"1,858,986","329,573","2,578,215","2,425,794",0.0,"101,039","2,434,352","7,539,400","679,758","1,094,468","76,526","2,208,864",0,"81,905","52,780","41,082",0.0,"46,148","122,779",0.0,0.0,440,0,"505,889","34,765","1,811,358",0,"735,034","47,605","7,539,400",0,"19,193","36,646","122,919","25,922","225,420","320,221","475,275",0,"16,379","96,842","392,333","100,266","6,265","1,837,681",0,"26,336","29,080","107,020","15,046","51,775","210,556","321,164",0,"9,678","75,259","306,459","88,879",231,"1,241,484",,,
128,KENYA ORIENT INSURANCE COMPANY,"49,031","73,426,459,533",,"86,442","144,521,007,768",,2016,"2,480,669","44,896","248,444","2,277,121","1,093,495",0,"1,081,841",0,"2,288,776","1,299,515","184,842","671,738","132,681","56,337","189,018",0,"5,572","7,646","16,472","14,257",732,"628,868","581,577",0,"2,814","4,351","13,423",0,"2,817","1,278,530","810,721",0,"191,942",0.0,"-160,259","50,000","892,403","1,753,905",0.0,"107,307","264,683","3,018,299","77,122","429,152","50,816","170,453",0,"170,000","5,252",0,0.0,"5,922","859,050",0.0,0.0,0,0,"68,293","17,982","774,396","31,532","200,129","158,201","3,018,299",0,"20,491","20,817","38,663","38,954","13,280","943,003","1,077,383",0,"12,040","18,761","72,307",0,"33,075","2,288,776",0,"5,435","6,155","18,330","27,639","-51,652","487,522","772,180",-148,"3,042","13,380","15,738",0,"1,893","1,299,515",,,
129,MADISON INSURANCE COMPANY LTD,"20,243","42,528,414,928",,"57,028","9,767,535,925,959",,2016,"3,102,440",0,"159,692","2,942,749","1,041,059",0,"1,215,887",0,"2,767,921","2,067,558","283,505","674,670","-257,812","255,798","-2,014",0,"3,155","2,165","9,805","17,896",29,"377,446","484,755",0,"35,522","3,808","12,889","677,313","17,278","1,642,062","300,000",0,0,0.0,"761,937",0,"1,061,937","1,976,753",0.0,0,"184,506","3,223,196",0,"712,000","47,419","576,247",0,0,"16,584",0,0.0,"9,992","367,793",0.0,0.0,0,0,"140,657","10,529","1,039,201","124,584","32,729","145,459","3,223,196",0,"40,794","25,240","37,306","91,874","2,761","618,484","941,938",0,"22,328","25,646","45,749","731,677","184,124","2,767,921",0,"4,469","2,513","11,798","41,000","3,462","630,134","550,434",0,"34,898","6,591","15,191","752,721","14,349","2,067,558",,,
130,MAYFAIR INSURANCE COMPANY LTD,"9,396","215,628,954,386",,"31,004","893,665,650,180",,2016,"2,233,714","68,337","1,134,667","1,167,385","422,697",0,"456,003",0,"1,134,079","522,538","68,792","306,248","236,501",0,"236,501",0,"23,130","10,661","12,270",669,"14,749","156,802","87,870",0,"3,186","13,622","65,104",0,413,"388,477","600,000",0,"338,186",0.0,"884,909",0,"1,823,095","1,700,004",0.0,0,"472,553","3,995,652","215,963","434,974","84,189","430,268",0,"335,194","111,380",0,0.0,"164,948","549,192",0.0,0.0,"11,539",0,"1,039,416","69,776","427,082",0,"103,872","17,859","3,995,652",104,"36,882","20,439","82,181","19,864","71,674","248,485","236,993",0,"9,313","40,484","344,019",0,"23,642","1,134,079",-39,"26,998","10,071","5,374","5,630","14,898","122,801","128,821",0,"4,754","15,599","194,320",0,"-6,689","522,538",,,
131,OCCIDENTAL INSURANCE COMPANY LTD,"9,867","91,380,302,770",,"21,130","336,666,750,684",,2016,"2,038,448","-5,358","652,274","1,380,816","560,137",0,"462,599",0,"1,478,354","1,060,372","133,674","267,974","16,334","210,824","227,158",0,"21,073","36,249","33,721",201,"29,112","204,875","249,291","1,891","5,321","29,289","149,764",0,"12,326","773,113","693,000",0,"-9,185",0.0,"340,918","30,000","1,054,734","1,574,184",0.0,0,"248,586","2,877,504",0,"491,000","39,291","1,056,675",0,0,"11,183",0,0.0,"95,961","100,825",0.0,0.0,0,0,"171,000","67,174","671,370","37,335","33,842","101,848","2,877,504",0,"23,089","35,378","57,238","3,147","78,848","372,259","477,103",0,"10,773","63,068","345,374",0,"12,076","1,478,354",0,"19,093","47,544","26,934",630,"37,560","248,611","232,211","2,178","9,840","30,301","379,718",0,"25,751","1,060,372",,,
132,PACIS INSURANCE COMPANY LTD,"11,074","28,167,594,516",,"28,469","186,852,410,806",,2016,"1,042,138",0,"199,546","842,592","348,052",0,"349,912",0,"840,732","354,347","98,087","434,375","-46,076","82,513","36,437",0,"3,241","1,922","8,462","1,015",67,"182,819","94,441",0,"1,951","6,232","11,605","28,200",68,"340,023","503,000","17,712",0,0.0,"389,461",0,"910,173","957,809",0.0,0,"186,250","2,054,233","113,850","730,000","36,915","156,955",0,0,0,0,0.0,"1,182","1,020",0.0,0.0,0,0,"28,101","216,534","588,693",0,"109,259","71,723","2,054,233",0,"6,314","10,306","-2,716","16,333","1,187","314,615","303,461",0,"48,124","27,175","62,130","52,554","1,250","840,732",0,"-3,226","1,794","16,541","6,612",581,"192,307","83,914",0,"-1,127","11,987","18,083","26,796",86,"354,347",,,
133,PHOENIX OF EAST AFRICA ASSURANCE COMPANY,135,"70,837,014,849",,280,"83,962,578,880",,2016,"374,810","63,916","202,601","236,125","121,669",0,"104,229",0,"253,565","333,654","30,144","304,337","-414,570","152,524","-262,046","-8,843","2,587","3,453","9,357","15,202","1,623","81,551","48,366",0,"3,709","18,582","18,168",0,"-14,749","179,006","300,000",0,"52,489",0.0,"710,315",0,"1,062,804","416,135",0.0,0,"78,979","1,557,918",0,0,"33,021","517,500",0,"143,807",0,0,0.0,"159,125",0,0.0,0.0,"3,903",0,"51,021","18,470","324,044","84,005","183,757","39,264","1,557,918","4,017","10,031","7,716","14,033","8,543","8,081","102,166","47,902",0,"5,801","4,904","29,288",0,"11,083","253,565","52,414",333,"4,589",-169,"64,423","3,132","84,058","78,343",0,"3,115","18,663","-9,686",0,"34,440","333,654",,,
134,PIONEER INSURANCE COMPANY LTD,0,0,,0,0,,2016,0,0,0,0,0,0,0,0,0,0,0,0,0,0,0,0,0,0,0,0,0,0,0,0,0,0,0,0,0,0,"600,000",0,0,0.0,29,"30,000","630,029",0,0.0,0,"22,538","652,567",0,0,0,"30,000",0,0,0,0,0.0,0,0,0.0,0.0,0,0,"600,000",0,0,"22,567",0,0,"652,567",0,0,0,0,0,0,0,0,0,0,0,0,0,0,0,0,0,0,0,0,0,0,0,0,0,0,0,0,0,0,,,
135,RESOLUTION INSURANCE COMPANY,"8,629","128,115,933,957",,"14,664","299,308,977,071",,2016,"3,889,916","36,195","2,589,929","1,336,182","522,879","34,855","661,858","79,575","1,152,484","867,268","-135,989","1,049,347","-628,142","65,089","-563,054",0,0,693,0,20,0,"27,126","15,435",0,299,515,"4,857","839,231",203,"888,377","410,000","990,000","-8,010",0.0,"-904,077",0,"487,913","1,017,384",0.0,0,"2,964,993","4,470,290",0,0,"145,578","372,559",0,0,0,0,0.0,0,0,0.0,0.0,0,0,"569,340","29,344","2,232,994","506,855","334,076","279,544","4,470,290",0,0,528,719,"18,958",0,"2,355","2,689",0,"41,755","1,979","23,338","1,053,519","6,644","1,152,484",0,0,281,"6,992",323,0,"35,440","28,739",0,"1,521",575,"9,786","782,313","1,297","867,268",,,
136,SAHAM INSURANCE COMPANY LTD,"6,518","173,531,815,431",,"11,844","418,797,832,660",,2016,"1,559,828","3,253","878,907","684,174","217,332",0,"320,220",0,"581,286","255,339","3,822","354,600","-32,475","94,493","62,018",0,"7,391","2,812","2,316","1,241",472,"90,204","31,907",0,600,"3,473","7,641","40,227","25,796","214,078","300,000",0,"-4,945",0.0,"149,779","30,000","474,834","526,957",0.0,0,"251,665","1,253,455",0,0,"10,348","419,144",0,0,"55,796",0,0.0,"30,543",0,0.0,0.0,"9,692",0,"302,282","19,402","333,179",0,"40,051","33,017","1,253,455",0,"15,309","5,128","7,962","3,052",951,"174,033","142,933",0,"3,942","14,491","59,988","71,831","81,665","581,286",0,"1,657","3,508",342,"13,190","2,547","111,744","34,852",0,"3,460","4,248","10,028","50,035","19,727","255,339",,,
137,SANLAM INSURANCE COMPANY LTD ,"18,282","66,089,075,303",,"28,998","75,616,812,739",,2016,"961,583","40,616","180,266","821,934","206,775",0,"380,767",0,"647,941","134,653","56,883","494,098","-37,693",901,"-36,792",0,196,"1,501",553,956,674,"182,111","44,725","99,293",238,943,"3,886","58,515",-5,"393,587","600,284","102,759","77,611",0.0,"-274,289",0,"506,366","1,468,369",0.0,0,"207,993","2,182,728",0,"516,700","23,605","224,800",0,0,"15,000",0,0.0,558,"104,095",0.0,0.0,"9,578",0,"154,759","89,453","332,973","11,660","687,809","11,739","2,182,728",0,"-7,753","2,119","9,031","10,969","1,049","244,864","200,143","37,664","3,861","19,662","14,972","102,398","8,960","647,941",0,"1,591","6,190","3,474","3,232",381,"134,213","-46,713","-81,484","-4,094",614,"-1,211","115,887","2,574","134,653",,,
138,TAKAFUL INSURANCE OF AFRICA LTD,"3,033","24,167,008,674",,"7,820","58,647,558,961",,2016,"816,450",0,"200,665","615,785","354,266","29,954","334,641","23,269","642,096","146,144","27,798","386,378","81,776","46,747","128,523",0,0,272,348,"2,010",11,"53,423","47,831",0,0,"3,380","2,885","34,768","1,871","146,800","470,203","50,000",0,0.0,"-23,154",0,"497,049","652,175",0.0,"40,000","274,289","1,463,513",0,"21,100","47,501","32,547",0,0,"56,769",0,0.0,0,0,0.0,0.0,0,0,"557,995","159,846","262,552",0,"274,603","50,601","1,463,513",0,"17,545","7,500","19,180","24,401",-809,"204,631","243,337",0,"21,029","46,955","44,442","-13,246","27,133","642,096",0,"4,161","-1,302","-7,510","-8,253","-2,094","28,903","18,996",0,499,"27,660","3,193","81,438",452,"146,144",,,
139,TAUSI ASSURANCE COMPANY LTD,"8,917","81,800,670,366",,"20,519","220,399,643,360",,2016,"950,169","13,169","290,518","672,821","189,478",0,"232,469",0,"629,829","262,000","57,046","192,871","117,911",0,"117,911",0,"4,451","34,178","22,093","4,366","22,788","53,456","44,164",0,350,"23,383","64,256","4,147",165,"277,797","600,000",0,"149,944",0.0,"372,332","-25,035","1,097,241","735,124",0.0,"50,682","101,574","1,984,621","270,031",0,"19,047","1,009,123",0,0,0,"21,684",0.0,"184,925","5,713",0.0,0.0,"4,118","94,115","214,605","14,471","80,668",0,"13,933","52,187","1,984,621",0,"9,209","26,178","34,048","10,252","75,397","142,505","84,624",0,"11,186","85,730","131,502","8,072","11,127","629,829",0,"4,512","31,526","19,590","2,176","33,725","63,415","25,310",0,"1,101","30,333","45,550","4,778",-15,"262,000",,,
140,THE KENYAN ALLIANCE INSURANCE COMPANY LTD,"11,388","47,640,903,515",,"24,187","125,236,872,281",,2016,"1,079,632","16,291","133,411","962,513","482,670",0,"508,526",0,"936,658","527,644","90,854","385,852","-67,693","135,433","67,740",0,-70,"28,547","10,201","1,188","10,422","213,842","263,818",0,"16,298","13,069","11,936",0,0,"569,251","300,000",0,"97,313",0.0,"930,673","-1,700","1,326,286","1,242,501",0.0,"56,794","700,609","3,326,190","115,000","1,260,849","43,605","374,564",0,0,"28,422",0,0.0,"21,122",0,0.0,0.0,"9,461",0,"611,221","28,827","584,782","96,138","91,179","61,022","3,326,190",0,"13,858","36,236","19,467","4,980","10,924","408,870","323,982",0,"36,041","38,853","41,637",0,"1,810","936,658",0,423,"21,884","14,085",399,"8,372","261,769","188,350",0,-242,"20,788","11,816",0,0,"527,644",,,
141,THE MONARCH INSURANCE COMPANY LTD,"55,324","100,441,854,798",,"74,824","147,517,782,748",,2016,"1,018,281","33,358","137,995","913,645","253,859",0,"406,522",0,"760,981","373,211","51,255","345,979","-9,464",0,"-9,464",0,190,265,"1,572","1,563","1,042","179,987","58,544",0,"1,032",250,"5,090",0,0,"249,536","316,476",0,0,0.0,"57,312","23,000","396,789","766,881",0.0,0,"81,744","1,245,413",0,"376,518","7,517","171,175",0,0,0,0,0.0,0,59,0.0,0.0,0,0,"58,334","23,140","516,233","3,250","44,090","45,097","1,245,413",0,"2,915","1,317","14,964","4,912","1,284","394,598","234,719",0,"8,135","2,769","27,579",0,"67,788","760,981",0,-109,257,990,169,630,"259,063","101,792",0,494,539,"9,204",0,182,"373,211",,,
142,TRIDENT INSURANCE COMPANY LTD,"24,716","3,766,712,966,248",,"47,804","3,960,777,837,473",,2016,"1,259,551","36,222","582,562","713,211","295,327",0,"409,716",0,"598,822","313,939","-24,030","368,995","-60,082",0,"-60,082",0,"7,225","3,130","9,965",975,"5,579","108,366","90,460",0,"1,500","4,806","34,861","57,050",3,"323,921","500,000",0,"196,767",0.0,"1,471,341","25,000","2,193,108","1,584,547",0.0,"56,715","425,224","4,259,595","240,660","1,716,399","16,796","249,061","16,955","615,600","23,750",0,0.0,"5,113","7,985",0.0,0.0,"764,109",0,"61,427","4,210","478,837","29,840","23,508","5,345","4,259,595",297,"7,313","3,649","15,944","4,843","8,158","169,626","182,219","13,417","5,412","10,499","54,879","101,041","21,524","598,822","-1,081","7,428","2,056","6,116","1,873","-6,503","111,559","106,603","-2,400","-2,103","-8,359","-10,262","113,887","-4,876","313,939",,,
143,UAP INSURANCE COMPANY,"34,877","681,973,026,837",,"79,190","13,596,856,082,416",,2016,"10,852,494","129,575","2,176,631","8,805,438","2,934,218",0,"3,286,390",0,"8,453,266","5,836,674","788,865","2,089,706","-261,979",0,"-261,979",0,"19,416","12,001","55,920","20,885","20,727","810,180","478,612",0,"23,226","42,884","77,255","3,801,158","12,505","5,374,769","1,000,000",0,0,0.0,"4,787,884","1,859,987","7,647,871","6,617,516",0.0,0,"1,790,448","16,055,834",0,"3,636,700","67,768","3,399,986",0,0,"807,724",0,0.0,"1,386,329","65,550",0.0,0.0,"906,554","217,410","1,285,487","64,670","1,885,108","1,449,484","544,599","338,467","16,055,834",0,"49,688","91,609","225,317","76,921","53,860","1,242,558","1,140,908",0,"96,075","179,384","278,863","4,979,873","38,209","8,453,266",0,"13,408","11,518","89,499","31,239","3,068","1,023,214","582,936",0,"34,805","71,130","177,913","3,783,736","14,206","5,836,674",,,
144,XPLICO INSURANCE COMPANY LTD,"195,504","14,498,444,254",,"236,397","22,936,626,305",,2016,"1,229,298",0,"49,908","1,179,390","617,076",0,"360,685",0,"1,435,781","506,661","102,882","856,749","-30,512",0,"-30,512",0,-60,232,0,0,0,"226,487","65,698",0,0,"-2,445","-32,701","154,811",0,"412,023","887,500",0,"19,670",0.0,"157,336",0,"1,064,506","686,498",0.0,0,"341,374","2,092,379","586,500",0,"125,793","80,000","103,000","25,251",0,0,0.0,0,0,0.0,0.0,"3,613",0,"214,108","39,734","593,873","161,457","153,493","5,556","2,092,379","3,067","-20,806",-201,"1,884","5,054","-125,397","897,709","206,800",0,"-14,771","3,772","8,392","380,054","90,224","1,435,781",-205,"-3,215",-642,-67,-791,"-12,641","276,627","77,308",0,"-1,201","-9,086","-51,607","232,627",-446,"506,661",,,
